{
  "H_v_thresh": 0.15,
  "G_thresh": 0.85,
  "Var_Q_thresh": 0.01,
  "H_v_mean": 0.320692237813005,
  "H_v_std": 0.19610692423671028,
  "G_mean": 0.6859479553903312,
  "G_std": 0.28954895876490566,
  "Var_Q_mean": 0.08441414880955167,
  "Var_Q_std": 0.11102741286287304,
  "H_v_p25": 0.1464962988339581,
  "H_v_p50": 0.2748445467987142,
  "H_v_p75": 0.4529171636190039,
  "G_p25": 0.47499999999999765,
  "G_p50": 0.799999999999996,
  "G_p75": 0.9299999999999954,
  "Var_Q_p25": 0.014500954670944134,
  "Var_Q_p50": 0.05083484341541322,
  "Var_Q_p75": 0.10994078307246682,
  "num_positions": 269,
  "probe_budget": 200,
  "timestamp": 1771452653.662318,
  "training_iteration": 50,
  "expected_stop_rate": 0.08178438661710037
}