{
  "H_v_thresh": 0.0968672435060893,
  "G_thresh": 0.9649999999999952,
  "Var_Q_thresh": 3.74463433152468e-05,
  "H_v_mean": 0.15617969842837298,
  "H_v_std": 0.1774051552181798,
  "G_mean": 0.9104973821989484,
  "G_std": 0.1890667040478947,
  "Var_Q_mean": 0.007543189455643377,
  "Var_Q_std": 0.04235679793786547,
  "H_v_p25": 0.0968672435060893,
  "H_v_p50": 0.11429046078516782,
  "H_v_p75": 0.13878446392904062,
  "G_p25": 0.9399999999999953,
  "G_p50": 0.9549999999999953,
  "G_p75": 0.9649999999999952,
  "Var_Q_p25": 3.74463433152468e-05,
  "Var_Q_p50": 5.326306003038102e-05,
  "Var_Q_p75": 7.033656489203149e-05,
  "num_positions": 191,
  "probe_budget": 200,
  "timestamp": 1771261807.2249618,
  "training_iteration": 0,
  "expected_stop_rate": 0.005235602094240838
}