{
  "H_v_thresh": 0.1246796380928796,
  "G_thresh": 0.9449999999999953,
  "Var_Q_thresh": 0.016739898583190534,
  "H_v_mean": 0.2928024645766311,
  "H_v_std": 0.20334027466200236,
  "G_mean": 0.7034981684981649,
  "G_std": 0.30605300271821406,
  "Var_Q_mean": 0.10977860688797797,
  "Var_Q_std": 0.13289060728463858,
  "H_v_p25": 0.1246796380928796,
  "H_v_p50": 0.23500842597979713,
  "H_v_p75": 0.4458397461746286,
  "G_p25": 0.49499999999999755,
  "G_p50": 0.8549999999999958,
  "G_p75": 0.9449999999999953,
  "Var_Q_p25": 0.016739898583190534,
  "Var_Q_p50": 0.060617254176368186,
  "Var_Q_p75": 0.16320169507191964,
  "num_positions": 273,
  "probe_budget": 200,
  "timestamp": 1771268751.4164367,
  "training_iteration": 26,
  "expected_stop_rate": 0.10622710622710622
}