{
  "H_v_thresh": 0.1395729747792547,
  "G_thresh": 0.9349999999999954,
  "Var_Q_thresh": 0.01081462075820432,
  "H_v_mean": 0.31051592401053635,
  "H_v_std": 0.20974312858595026,
  "G_mean": 0.706471698113204,
  "G_std": 0.2907600712104795,
  "Var_Q_mean": 0.09329251952413732,
  "Var_Q_std": 0.12172834807516707,
  "H_v_p25": 0.1395729747792547,
  "H_v_p50": 0.25907579518551016,
  "H_v_p75": 0.426917629112042,
  "G_p25": 0.5599999999999972,
  "G_p50": 0.819999999999996,
  "G_p75": 0.9349999999999954,
  "Var_Q_p25": 0.01081462075820432,
  "Var_Q_p50": 0.05053427881097239,
  "Var_Q_p75": 0.12823595584110112,
  "num_positions": 265,
  "probe_budget": 200,
  "timestamp": 1771267397.9481406,
  "training_iteration": 21,
  "expected_stop_rate": 0.09056603773584905
}