{
  "H_v_thresh": 0.13613878948968341,
  "G_thresh": 0.9399999999999953,
  "Var_Q_thresh": 0.016580363849315986,
  "H_v_mean": 0.30574523656290536,
  "H_v_std": 0.198225681388231,
  "G_mean": 0.7038432835820859,
  "G_std": 0.287380354195058,
  "Var_Q_mean": 0.11809651727974302,
  "Var_Q_std": 0.12817239557995455,
  "H_v_p25": 0.13613878948968341,
  "H_v_p50": 0.26738206684906973,
  "H_v_p75": 0.4339634456049942,
  "G_p25": 0.5499999999999973,
  "G_p50": 0.812499999999996,
  "G_p75": 0.9399999999999953,
  "Var_Q_p25": 0.016580363849315986,
  "Var_Q_p50": 0.08442922645145845,
  "Var_Q_p75": 0.17479200656506744,
  "num_positions": 268,
  "probe_budget": 200,
  "timestamp": 1771264887.1866062,
  "training_iteration": 11,
  "expected_stop_rate": 0.07835820895522388
}