{
  "H_v_thresh": 0.11429046078516782,
  "G_thresh": 0.9549999999999953,
  "Var_Q_thresh": 0.00434672341010917,
  "H_v_mean": 0.2879736674000362,
  "H_v_std": 0.20873955441742492,
  "G_mean": 0.7303846153846117,
  "G_std": 0.28020227267006004,
  "Var_Q_mean": 0.09617097936847478,
  "Var_Q_std": 0.13247432672443615,
  "H_v_p25": 0.11429046078516782,
  "H_v_p50": 0.22157570190085854,
  "H_v_p75": 0.4031254837315753,
  "G_p25": 0.5599999999999972,
  "G_p50": 0.8449999999999958,
  "G_p75": 0.9549999999999953,
  "Var_Q_p25": 0.00434672341010917,
  "Var_Q_p50": 0.034135266485615115,
  "Var_Q_p75": 0.16477072179538196,
  "num_positions": 273,
  "probe_budget": 200,
  "timestamp": 1771273677.493081,
  "training_iteration": 46,
  "expected_stop_rate": 0.0695970695970696
}