{
  "H_v_thresh": 0.1258838262556561,
  "G_thresh": 0.9474999999999953,
  "Var_Q_thresh": 0.022888991133628345,
  "H_v_mean": 0.29126317554575387,
  "H_v_std": 0.19957836641832286,
  "G_mean": 0.7282287822878193,
  "G_std": 0.2808316577300131,
  "Var_Q_mean": 0.1024586179188857,
  "Var_Q_std": 0.1066781647739129,
  "H_v_p25": 0.1258838262556561,
  "H_v_p50": 0.24007584527945847,
  "H_v_p75": 0.40772124305101465,
  "G_p25": 0.599999999999997,
  "G_p50": 0.8549999999999958,
  "G_p75": 0.9474999999999953,
  "Var_Q_p25": 0.022888991133628345,
  "Var_Q_p50": 0.07387840321493076,
  "Var_Q_p75": 0.1425507924134673,
  "num_positions": 271,
  "probe_budget": 200,
  "timestamp": 1771272508.6805959,
  "training_iteration": 41,
  "expected_stop_rate": 0.06642066420664207
}