{
  "H_v_thresh": 0.14531885767253588,
  "G_thresh": 0.9349999999999954,
  "Var_Q_thresh": 0.017380997950025415,
  "H_v_mean": 0.33104287233546464,
  "H_v_std": 0.21599472151773355,
  "G_mean": 0.6649567099567066,
  "G_std": 0.3064098743725212,
  "Var_Q_mean": 0.053843753658927865,
  "Var_Q_std": 0.050254423718754195,
  "H_v_p25": 0.14531885767253588,
  "H_v_p50": 0.29321447163427883,
  "H_v_p75": 0.4532684716380105,
  "G_p25": 0.397499999999998,
  "G_p50": 0.7649999999999962,
  "G_p75": 0.9349999999999954,
  "Var_Q_p25": 0.017380997950025415,
  "Var_Q_p50": 0.03735825207967667,
  "Var_Q_p75": 0.08021581089039358,
  "num_positions": 231,
  "probe_budget": 200,
  "timestamp": 1771262279.6671393,
  "training_iteration": 1,
  "expected_stop_rate": 0.030303030303030304
}