{
  "H_v_thresh": 0.15,
  "G_thresh": 0.85,
  "Var_Q_thresh": 0.01,
  "H_v_mean": 0.30306518385883074,
  "H_v_std": 0.20282465648018919,
  "G_mean": 0.7150929368029705,
  "G_std": 0.28995303219569624,
  "Var_Q_mean": 0.059724639331860944,
  "Var_Q_std": 0.07866726794918479,
  "H_v_p25": 0.13449692510402944,
  "H_v_p50": 0.2422340709454772,
  "H_v_p75": 0.433442682390249,
  "G_p25": 0.5749999999999972,
  "G_p50": 0.8549999999999958,
  "G_p75": 0.9399999999999953,
  "Var_Q_p25": 0.011262138543235867,
  "Var_Q_p50": 0.03590907384399126,
  "Var_Q_p75": 0.08006348906152008,
  "num_positions": 269,
  "probe_budget": 200,
  "timestamp": 1771433714.094676,
  "training_iteration": 15,
  "expected_stop_rate": 0.08921933085501858
}