{
  "H_v_thresh": 0.0968672435060893,
  "G_thresh": 0.9649999999999952,
  "Var_Q_thresh": 0.0012675959978906092,
  "H_v_mean": 0.11918494101736461,
  "H_v_std": 0.07301491522429136,
  "G_mean": 0.9489306358381455,
  "G_std": 0.074213688017717,
  "Var_Q_mean": 0.0105779534815741,
  "Var_Q_std": 0.04614919809475123,
  "H_v_p25": 0.0968672435060893,
  "H_v_p50": 0.11429046078516782,
  "H_v_p75": 0.13878446392904062,
  "G_p25": 0.9399999999999953,
  "G_p50": 0.9549999999999953,
  "G_p75": 0.9649999999999952,
  "Var_Q_p25": 0.0012675959978906092,
  "Var_Q_p50": 0.0017361216231854195,
  "Var_Q_p75": 0.0021223596418830397,
  "num_positions": 173,
  "probe_budget": 200,
  "timestamp": 1771259559.65734,
  "training_iteration": 0,
  "expected_stop_rate": 0.011560693641618497
}