{
  "H_v_thresh": 0.1228979418506642,
  "G_thresh": 0.9499999999999953,
  "Var_Q_thresh": 0.03134089263017333,
  "H_v_mean": 0.27672630258148606,
  "H_v_std": 0.1895867732203621,
  "G_mean": 0.7400185185185149,
  "G_std": 0.27021099374108604,
  "Var_Q_mean": 0.11555899307759736,
  "Var_Q_std": 0.11874319014099054,
  "H_v_p25": 0.1228979418506642,
  "H_v_p50": 0.21609265154305107,
  "H_v_p75": 0.3877284808183893,
  "G_p25": 0.5912499999999971,
  "G_p50": 0.8724999999999956,
  "G_p75": 0.9499999999999953,
  "Var_Q_p25": 0.03134089263017333,
  "Var_Q_p50": 0.08048031833281313,
  "Var_Q_p75": 0.1631995455515505,
  "num_positions": 270,
  "probe_budget": 200,
  "timestamp": 1771266110.240959,
  "training_iteration": 16,
  "expected_stop_rate": 0.05185185185185185
}