{
  "H_v_thresh": 0.15,
  "G_thresh": 0.85,
  "Var_Q_thresh": 0.01,
  "H_v_mean": 0.32208794346041963,
  "H_v_std": 0.19499910237244403,
  "G_mean": 0.6923048327137511,
  "G_std": 0.28333004519810473,
  "Var_Q_mean": 0.0805526716862388,
  "Var_Q_std": 0.12632461951172955,
  "H_v_p25": 0.15446246376631168,
  "H_v_p50": 0.27886035295813905,
  "H_v_p75": 0.459493377318579,
  "G_p25": 0.5149999999999975,
  "G_p50": 0.8049999999999959,
  "G_p75": 0.9249999999999954,
  "Var_Q_p25": 0.008405688490086282,
  "Var_Q_p50": 0.03828657404120305,
  "Var_Q_p75": 0.09212551378496854,
  "num_positions": 269,
  "probe_budget": 200,
  "timestamp": 1771429294.931108,
  "training_iteration": 6,
  "expected_stop_rate": 0.05947955390334572
}