{
  "H_v_thresh": 0.13079991505150992,
  "G_thresh": 0.9449999999999953,
  "Var_Q_thresh": 0.011277887811341335,
  "H_v_mean": 0.31795456243645137,
  "H_v_std": 0.2103739620680788,
  "G_mean": 0.6896691176470554,
  "G_std": 0.29653278400112165,
  "Var_Q_mean": 0.10066119165426377,
  "Var_Q_std": 0.11572663273754537,
  "H_v_p25": 0.13079991505150992,
  "H_v_p50": 0.25071772259351033,
  "H_v_p75": 0.4702210806429383,
  "G_p25": 0.46374999999999766,
  "G_p50": 0.8174999999999959,
  "G_p75": 0.9449999999999953,
  "Var_Q_p25": 0.011277887811341335,
  "Var_Q_p50": 0.05038912484108758,
  "Var_Q_p75": 0.17037364729668958,
  "num_positions": 272,
  "probe_budget": 200,
  "timestamp": 1771271342.358401,
  "training_iteration": 36,
  "expected_stop_rate": 0.08455882352941177
}