{
  "H_v_thresh": 0.2897442279432256,
  "G_thresh": 0.8012109374999961,
  "Var_Q_thresh": 0.05548092896224152,
  "H_v_mean": 0.322369429170733,
  "H_v_std": 0.19641036519191601,
  "G_mean": 0.6886007462686533,
  "G_std": 0.2898655135913748,
  "Var_Q_mean": 0.07911176697651519,
  "Var_Q_std": 0.08909264410635226,
  "H_v_p25": 0.1522409407847277,
  "H_v_p50": 0.27186575191540613,
  "H_v_p75": 0.47772284112309815,
  "G_p25": 0.45374999999999777,
  "G_p50": 0.8224999999999959,
  "G_p75": 0.9249999999999954,
  "Var_Q_p25": 0.012603295974899507,
  "Var_Q_p50": 0.052654971158409315,
  "Var_Q_p75": 0.1164672999212361,
  "num_positions": 268,
  "probe_budget": 200,
  "timestamp": 1771365945.1376386,
  "training_iteration": 80,
  "expected_stop_rate": 0.25
}