{
  "H_v_thresh": 0.15,
  "G_thresh": 0.85,
  "Var_Q_thresh": 0.01,
  "H_v_mean": 0.3253725598400681,
  "H_v_std": 0.22020504277325528,
  "G_mean": 0.6868864468864435,
  "G_std": 0.29987148333846103,
  "Var_Q_mean": 0.07711277341625307,
  "Var_Q_std": 0.08562283044628487,
  "H_v_p25": 0.14092982680830776,
  "H_v_p50": 0.2551728383554106,
  "H_v_p75": 0.4706197670663363,
  "G_p25": 0.46999999999999764,
  "G_p50": 0.814999999999996,
  "G_p75": 0.9349999999999954,
  "Var_Q_p25": 0.011141686408455136,
  "Var_Q_p50": 0.04534123457243811,
  "Var_Q_p75": 0.10613368445611965,
  "num_positions": 273,
  "probe_budget": 200,
  "timestamp": 1771431763.845852,
  "training_iteration": 11,
  "expected_stop_rate": 0.07692307692307693
}