{
  "H_v_thresh": 0.14854902082604543,
  "G_thresh": 0.9299999999999954,
  "Var_Q_thresh": 0.002255571463718814,
  "H_v_mean": 0.30894106224127976,
  "H_v_std": 0.19577712968575936,
  "G_mean": 0.6967400881057235,
  "G_std": 0.2893611957550666,
  "Var_Q_mean": 0.032978589830142784,
  "Var_Q_std": 0.05876310493087575,
  "H_v_p25": 0.14854902082604543,
  "H_v_p50": 0.25281615045958916,
  "H_v_p75": 0.4284679074629378,
  "G_p25": 0.5349999999999973,
  "G_p50": 0.819999999999996,
  "G_p75": 0.9299999999999954,
  "Var_Q_p25": 0.002255571463718814,
  "Var_Q_p50": 0.008557945508883776,
  "Var_Q_p75": 0.044733006274643244,
  "num_positions": 227,
  "probe_budget": 200,
  "timestamp": 1771260029.114421,
  "training_iteration": 1,
  "expected_stop_rate": 0.05726872246696035
}