{
  "H_v_thresh": 0.1300697047451359,
  "G_thresh": 0.9449999999999953,
  "Var_Q_thresh": 0.01031375947768401,
  "H_v_mean": 0.304042954886258,
  "H_v_std": 0.1933747227770711,
  "G_mean": 0.7223320895522353,
  "G_std": 0.27244893704806067,
  "Var_Q_mean": 0.07860740365889868,
  "Var_Q_std": 0.09343960321159021,
  "H_v_p25": 0.1300697047451359,
  "H_v_p50": 0.267433065592587,
  "H_v_p75": 0.4225990797343302,
  "G_p25": 0.5787499999999971,
  "G_p50": 0.819999999999996,
  "G_p75": 0.9449999999999953,
  "Var_Q_p25": 0.01031375947768401,
  "Var_Q_p50": 0.040581269727892055,
  "Var_Q_p75": 0.11370448629502185,
  "num_positions": 268,
  "probe_budget": 200,
  "timestamp": 1771263597.3369853,
  "training_iteration": 6,
  "expected_stop_rate": 0.05223880597014925
}