{
  "H_v_thresh": 0.15,
  "G_thresh": 0.85,
  "Var_Q_thresh": 0.01,
  "H_v_mean": 0.5872086148742897,
  "H_v_std": 0.21036948364155383,
  "G_mean": 0.6066844919786066,
  "G_std": 0.21296034609954437,
  "Var_Q_mean": 0.008962515373073373,
  "Var_Q_std": 0.052791907738796245,
  "H_v_p25": 0.42868048761600275,
  "H_v_p50": 0.5943926124933454,
  "H_v_p75": 0.7404480301825969,
  "G_p25": 0.46999999999999764,
  "G_p50": 0.6199999999999969,
  "G_p75": 0.7749999999999961,
  "Var_Q_p25": 2.953743272831355e-05,
  "Var_Q_p50": 0.00013560061731001096,
  "Var_Q_p75": 0.00028884440765370085,
  "num_positions": 187,
  "probe_budget": 200,
  "timestamp": 1771422344.6253145,
  "training_iteration": 0,
  "expected_stop_rate": 0.0
}