{
  "H_v_thresh": 0.11429046078516782,
  "G_thresh": 0.9549999999999953,
  "Var_Q_thresh": 0.010710143968709663,
  "H_v_mean": 0.3061337382647562,
  "H_v_std": 0.2299122668048065,
  "G_mean": 0.6973431734317308,
  "G_std": 0.31159473801073734,
  "Var_Q_mean": 0.11163850307995328,
  "Var_Q_std": 0.1357962561602179,
  "H_v_p25": 0.11429046078516782,
  "H_v_p50": 0.22341185916047973,
  "H_v_p75": 0.44923111551873085,
  "G_p25": 0.5074999999999975,
  "G_p50": 0.8449999999999958,
  "G_p75": 0.9549999999999953,
  "Var_Q_p25": 0.010710143968709663,
  "Var_Q_p50": 0.06094403067100659,
  "Var_Q_p75": 0.17813894241701267,
  "num_positions": 271,
  "probe_budget": 200,
  "timestamp": 1771270085.2613804,
  "training_iteration": 31,
  "expected_stop_rate": 0.08118081180811808
}