{
  "config": {
    "checkpoint": "checkpoints/iter_0050.pt",
    "games": 200,
    "workers": 5,
    "ablation": false,
    "temperature": 0.0,
    "baseline_budget": 800,
    "topology_budget": 400,
    "output": "benchmark_results.json"
  },
  "thresholds": {
    "H_v_thresh": 0.1558252931552135,
    "G_thresh": 0.9333333333333271,
    "Var_Q_thresh": 0.017326972889427396
  },
  "results": [
    {
      "name": "Full Topology vs Baseline",
      "games": 200,
      "wins": 97,
      "draws": 13,
      "losses": 90,
      "win_rate": 0.485,
      "draw_rate": 0.065,
      "loss_rate": 0.45,
      "avg_sims_topology": 16349744.47,
      "avg_sims_baseline": 59306940.0,
      "sim_savings_pct": 72.43198777411209,
      "avg_game_length": 60.18,
      "avg_tactical_rate": 0.09887005649701085,
      "avg_lambda": 0.7820982053471062,
      "avg_H_v": 0.24710863545074935,
      "p_value": 0.7237710263128071,
      "significant": 