{
  "config": {
    "checkpoint": "checkpoints/iter_0080.pt",
    "games": 20,
    "workers": 5,
    "ablation": false,
    "temperature": 0.0,
    "baseline_budget": 1000,
    "topology_budget": 500,
    "output": "benchmark_results.json",
    "parallel_games": true,
    "baseline_vs_baseline": false,
    "compute_control_budget": 400
  },
  "thresholds": {
    "H_v_thresh": 0.3027320306137852,
    "G_thresh": 0.7933333333333281,
    "Var_Q_thresh": 0.04282462684866406
  },
  "results": [
    {
      "name": "Full Topology vs Baseline",
      "games": 20,
      "wins": 20,
      "draws": 0,
      "losses": 0,
      "win_rate": 1.0,
      "draw_rate": 0.0,
      "loss_rate": 0.0,
      "avg_sims_topology": 10228.25,
      "avg_sims_baseline": 28000.0,
      "sim_savings_pct": 63.47053571426304,
      "avg_game_length": 60.25,
      "avg_tactical_rate": 0.10797342192511672,
      "avg_lambda": 0.6719238416019963,
      "avg_H_v": 0.5227948291666971,
      "p_value": 1.9073486328125e-06,
      "significant": true,
      "avg_kl_divergence": 0.37287328631396616
    }
  ],
  "timestamp": 1771406412.411628
}