{
  "config": {
    "checkpoint": "checkpoints_v3/iter_0150_k15.pt",
    "games": 100,
    "workers": 5,
    "ablation": false,
    "temperature": 0.0,
    "baseline_budget": 800,
    "min_budget": 80,
    "max_budget": 900,
    "output": "benchmark_results.json",
    "parallel_games": true,
    "baseline_vs_baseline": false,
    "compute_control_budget": 400,
    "seed": 42,
    "seeds": null
  },
  "thresholds": {
    "H_v_thresh": 0.15,
    "G_thresh": 0.85,
    "Var_Q_thresh": 0.01,
    "mahal_model_dict": {
      "ready": true,
      "k": 1.5,
      "mean_vec": [
        0.5167713398949275,
        0.4310110294117629,
        0.12350238464853479
      ],
      "cov_inv": [
        [
          95.0715064171186,
          57.39038928913282,
          17.429021146773298
        ],
        [
          57.3903892891328,
          46.12731856838771,
          8.591398000953806
        ],
        [
          17.4290211467733,
          8.591398000953808,
          65.95138060268181
        ]
      ]
    }
  },
  "results": [
    {
      "name": "Full Topology vs Baseline",
      "games": 100,
      "wins": 39,
      "draws": 8,
      "losses": 53,
      "win_rate": 0.39,
      "draw_rate": 0.08,
      "loss_rate": 0.53,
      "avg_sims_topology": 7300.24,
      "avg_sims_baseline": 21584.0,
      "sim_savings_pct": 66.17753891768616,
      "avg_game_length": 60.28,
      "avg_tactical_rate": 0.0849369608490878,
      "avg_lambda": 0.6420017693322173,
      "avg_H_v": 0.4905717236496009,
      "p_value": 0.035200200217704855,
      "significant": true,
      "avg_kl_divergence": 1.711995888085939
    }
  ],
  "timestamp": 1771662595.0820713
}