{
  "config": {
    "checkpoint": "checkpoints/iter_0050.pt",
    "games": 200,
    "workers": 5,
    "ablation": false,
    "temperature": 0.0,
    "baseline_budget": 800,
    "topology_budget": 600,
    "output": "benchmark_results.json"
  },
  "thresholds": {
    "H_v_thresh": 0.1558252931552135,
    "G_thresh": 0.9333333333333271,
    "Var_Q_thresh": 0.005954589153979322
  },
  "results": [
    {
      "name": "Full Topology vs Baseline",
      "games": 200,
      "wins": 105,
      "draws": 12,
      "losses": 83,
      "win_rate": 0.525,
      "draw_rate": 0.06,
      "loss_rate": 0.415,
      "avg_sims_topology": 16158432.385,
      "avg_sims_baseline": 59612280.0,
      "sim_savings_pct": 72.89412116932954,
      "avg_game_length": 60.205,
      "avg_tactical_rate": 0.10083056478388566,
      "avg_lambda": 0.7802992613701767,
      "avg_H_v": 0.24744557004119724,
      "p_value": 0.5246223557223155,
      "significant": 