{
  "config": {
    "checkpoint": "checkpoints_v3/iter_0200.pt",
    "games": 100,
    "workers": 5,
    "ablation": false,
    "temperature": 0.0,
    "baseline_budget": 800,
    "min_budget": 80,
    "max_budget": 800,
    "output": "benchmark_suprcomputeTest1_800.json",
    "parallel_games": true,
    "baseline_vs_baseline": false,
    "compute_control_budget": 400,
    "seed": 42,
    "seeds": null
  },
  "thresholds": {
    "H_v_thresh": 0.15,
    "G_thresh": 0.85,
    "Var_Q_thresh": 0.01,
    "mahal_model_dict": {
      "ready": true,
      "k": 1.0,
      "mean_vec": [
        0.3283658950621437,
        0.6687407407407379,
        0.13887684285487734
      ],
      "cov_inv": [
        [
          119.98847788001007,
          72.44593032599664,
          -2.3130580938752505
        ],
        [
          72.44593032599663,
          55.156075244590404,
          1.0647849988235252
        ],
        [
          -2.3130580938752527,
          1.0647849988235236,
          55.56942611070527
        ]
      ]
    }
  },
  "results": [
    {
      "name": "Full Topology vs Baseline",
      "games": 100,
      "wins": 59,
      "draws": 8,
      "losses": 33,
      "win_rate": 0.59,
      "draw_rate": 0.08,
      "loss_rate": 0.33,
      "avg_sims_topology": 4891.57,
      "avg_sims_baseline": 21824.0,
      "sim_savings_pct": 77.58628115832222,
      "avg_game_length": 60.24,
      "avg_tactical_rate": 0.10424966799434181,
      "avg_lambda": 0.5510559670058173,
      "avg_H_v": 0.3643756639347005,
      "p_value": 0.08862608011406758,
      "significant": false,
      "avg_kl_divergence": 0.7267410136066051
    }
  ],
  "timestamp": 1771693642.9099314
}