{
  "config": {
    "checkpoint": "checkpoints_v3/iter_0200.pt",
    "games": 100,
    "workers": 5,
    "ablation": false,
    "temperature": 0.0,
    "baseline_budget": 800,
    "min_budget": 80,
    "max_budget": 600,
    "output": "benchmark_suprcomputeTest4_600.json",
    "parallel_games": true,
    "baseline_vs_baseline": false,
    "compute_control_budget": 400,
    "seed": 42,
    "seeds": null
  },
  "thresholds": {
    "H_v_thresh": 0.15,
    "G_thresh": 0.85,
    "Var_Q_thresh": 0.01,
    "mahal_model_dict": {
      "ready": true,
      "k": 1.0,
      "mean_vec": [
        0.3283658950621437,
        0.6687407407407379,
        0.13887684285487734
      ],
      "cov_inv": [
        [
          119.98847788001007,
          72.44593032599664,
          -2.3130580938752505
        ],
        [
          72.44593032599663,
          55.156075244590404,
          1.0647849988235252
        ],
        [
          -2.3130580938752527,
          1.0647849988235236,
          55.56942611070527
        ]
      ]
    }
  },
  "results": [
    {
      "name": "Full Topology vs Baseline",
      "games": 100,
      "wins": 53,
      "draws": 9,
      "losses": 38,
      "win_rate": 0.53,
      "draw_rate": 0.09,
      "loss_rate": 0.38,
      "avg_sims_topology": 4174.29,
      "avg_sims_baseline": 21776.0,
      "sim_savings_pct": 80.83077700216712,
      "avg_game_length": 60.29,
      "avg_tactical_rate": 0.09854014598507452,
      "avg_lambda": 0.541308176624507,
      "avg_H_v": 0.3796632809098114,
      "p_value": 0.6172994135892524,
      "significant": false,
      "avg_kl_divergence": 0.76163088610972
    }
  ],
  "timestamp": 1771698574.8364918
}