{
  "H_v_thresh": 0.15,
  "G_thresh": 0.85,
  "Var_Q_thresh": 0.01,
  "H_v_mean": 0.5167713398949276,
  "H_v_std": 0.2083004936750052,
  "G_mean": 0.43101102941176256,
  "G_std": 0.29531729550673125,
  "Var_Q_mean": 0.12350238464853484,
  "Var_Q_std": 0.12632325133340028,
  "H_v_p25": 0.3773870704632736,
  "H_v_p50": 0.5230449740565675,
  "H_v_p75": 0.6840048818376329,
  "G_p25": 0.14874999999999924,
  "G_p50": 0.4249999999999979,
  "G_p75": 0.6724999999999967,
  "Var_Q_p25": 0.0246854035038662,
  "Var_Q_p50": 0.08731637335045467,
  "Var_Q_p75": 0.178129216813769,
  "num_positions": 272,
  "probe_budget": 200,
  "timestamp": 1771661091.8577583,
  "training_iteration": 150,
  "expected_stop_rate": 0.19117647058823528,
  "mahal_model_dict": {
    "ready": true,
    "k": 1.5,
    "mean_vec": [
      0.5167713398949275,
      0.4310110294117629,
      0.12350238464853479
    ],
    "cov_inv": [
      [
        95.0715064171186,
        57.39038928913282,
        17.429021146773298
      ],
      [
        57.3903892891328,
        46.12731856838771,
        8.591398000953806
      ],
      [
        17.4290211467733,
        8.591398000953808,
        65.95138060268181
      ]
    ]
  }
}