{
  "H_v_thresh": 0.15,
  "G_thresh": 0.85,
  "Var_Q_thresh": 0.01,
  "H_v_mean": 0.37368522571765506,
  "H_v_std": 0.21317034519848332,
  "G_mean": 0.6180410447761164,
  "G_std": 0.30387360238390765,
  "Var_Q_mean": 0.08037559660119466,
  "Var_Q_std": 0.09576819551748254,
  "H_v_p25": 0.20741999150570764,
  "H_v_p50": 0.33462518212734865,
  "H_v_p75": 0.5213051495991629,
  "G_p25": 0.38999999999999807,
  "G_p50": 0.7224999999999964,
  "G_p75": 0.8762499999999956,
  "Var_Q_p25": 0.009425529887556194,
  "Var_Q_p50": 0.042471942196805376,
  "Var_Q_p75": 0.11780720006873872,
  "num_positions": 268,
  "probe_budget": 200,
  "timestamp": 1771545935.8782058,
  "training_iteration": 51,
  "expected_stop_rate": 0.24253731343283583,
  "mahal_model_dict": {
    "ready": true,
    "k": 1.0,
    "mean_vec": [
      0.37368522571765483,
      0.6180410447761161,
      0.08037559660119462
    ],
    "cov_inv": [
      [
        116.04903854987285,
        72.91265358830225,
        10.467405442693542
      ],
      [
        72.91265358830226,
        56.70977789210324,
        3.0985961883625275
      ],
      [
        10.467405442693538,
        3.0985961883625257,
        110.66818669137831
      ]
    ]
  }
}