{
  "H_v_thresh": 0.15,
  "G_thresh": 0.85,
  "Var_Q_thresh": 0.01,
  "H_v_mean": 0.42266901797755285,
  "H_v_std": 0.20942316894809307,
  "G_mean": 0.5717279411764677,
  "G_std": 0.2946938083670541,
  "Var_Q_mean": 0.06405207423644575,
  "Var_Q_std": 0.09346714670723068,
  "H_v_p25": 0.24630888838025022,
  "H_v_p50": 0.4037127236555088,
  "H_v_p75": 0.5735531978349907,
  "G_p25": 0.3487499999999983,
  "G_p50": 0.6424999999999967,
  "G_p75": 0.8299999999999959,
  "Var_Q_p25": 0.0038535125841823777,
  "Var_Q_p50": 0.027584933473563708,
  "Var_Q_p75": 0.08969734613159677,
  "num_positions": 272,
  "probe_budget": 200,
  "timestamp": 1771553417.501435,
  "training_iteration": 91,
  "expected_stop_rate": 0.20220588235294118,
  "mahal_model_dict": {
    "ready": true,
    "k": 1.0,
    "mean_vec": [
      0.42266901797755263,
      0.5717279411764673,
      0.06405207423644577
    ],
    "cov_inv": [
      [
        94.10862048513727,
        56.10080822118485,
        25.026758763873307
      ],
      [
        56.100808221184856,
        45.41987877268148,
        7.171528148421755
      ],
      [
        25.026758763873303,
        7.171528148421754,
        125.7010210186661
      ]
    ]
  }
}