{
  "H_v_thresh": 0.15,
  "G_thresh": 0.85,
  "Var_Q_thresh": 0.01,
  "H_v_mean": 0.45393818645867323,
  "H_v_std": 0.24572698184407743,
  "G_mean": 0.5450735294117619,
  "G_std": 0.32177128414342215,
  "Var_Q_mean": 0.04919685978142722,
  "Var_Q_std": 0.09372589792563801,
  "H_v_p25": 0.24519115644995923,
  "H_v_p50": 0.42553443506204225,
  "H_v_p75": 0.6516616260176742,
  "G_p25": 0.2224999999999989,
  "G_p50": 0.599999999999997,
  "G_p75": 0.8412499999999958,
  "Var_Q_p25": 0.00046033160828448183,
  "Var_Q_p50": 0.008397592849210963,
  "Var_Q_p75": 0.043462545291067675,
  "num_positions": 272,
  "probe_budget": 200,
  "timestamp": 1771542239.5348608,
  "training_iteration": 31,
  "expected_stop_rate": 0.27941176470588236,
  "mahal_model_dict": {
    "ready": true,
    "k": 1.0,
    "mean_vec": [
      0.4539381864586733,
      0.5450735294117617,
      0.04919685978142724
    ],
    "cov_inv": [
      [
        101.1955666911457,
        69.26367168620116,
        20.02950535111594
      ],
      [
        69.26367168620115,
        57.459474819731945,
        6.581342776386999
      ],
      [
        20.029505351115944,
        6.581342776387006,
        122.42393456915684
      ]
    ]
  }
}