{
  "H_v_thresh": 0.15,
  "G_thresh": 0.85,
  "Var_Q_thresh": 0.01,
  "H_v_mean": 0.3729750952053807,
  "H_v_std": 0.21521358778344923,
  "G_mean": 0.6226951672862423,
  "G_std": 0.298738182816584,
  "Var_Q_mean": 0.10206780776357191,
  "Var_Q_std": 0.12425919859042124,
  "H_v_p25": 0.18020528518315088,
  "H_v_p50": 0.3555461184067587,
  "H_v_p75": 0.531129884175506,
  "G_p25": 0.38999999999999807,
  "G_p50": 0.6999999999999965,
  "G_p75": 0.9049999999999955,
  "Var_Q_p25": 0.009103511799395128,
  "Var_Q_p50": 0.055439459277641774,
  "Var_Q_p75": 0.15979412575145288,
  "num_positions": 269,
  "probe_budget": 200,
  "timestamp": 1771546871.6011646,
  "training_iteration": 56,
  "expected_stop_rate": 0.23048327137546468,
  "mahal_model_dict": {
    "ready": true,
    "k": 1.0,
    "mean_vec": [
      0.37297509520538097,
      0.6226951672862425,
      0.10206780776357194
    ],
    "cov_inv": [
      [
        99.63294084527377,
        63.70050533500089,
        7.246428612730124
      ],
      [
        63.7005053350009,
        51.946597822262795,
        6.541497336821396
      ],
      [
        7.246428612730124,
        6.541497336821396,
        65.37213091616599
      ]
    ]
  }
}