{
  "H_v_thresh": 0.15,
  "G_thresh": 0.85,
  "Var_Q_thresh": 0.01,
  "H_v_mean": 0.39657246267296364,
  "H_v_std": 0.22282470736256174,
  "G_mean": 0.6009272727272699,
  "G_std": 0.2965047204619135,
  "Var_Q_mean": 0.08182942038092145,
  "Var_Q_std": 0.10004981168804426,
  "H_v_p25": 0.20917574298260036,
  "H_v_p50": 0.3796854469749199,
  "H_v_p75": 0.5425048766194775,
  "G_p25": 0.38249999999999806,
  "G_p50": 0.6599999999999967,
  "G_p75": 0.8749999999999957,
  "Var_Q_p25": 0.007017834735982822,
  "Var_Q_p50": 0.04026409796617369,
  "Var_Q_p75": 0.13640680160823562,
  "num_positions": 275,
  "probe_budget": 200,
  "timestamp": 1771541373.257928,
  "training_iteration": 26,
  "expected_stop_rate": 0.23636363636363636,
  "mahal_model_dict": {
    "ready": true,
    "k": 1.0,
    "mean_vec": [
      0.3965724626729636,
      0.60092727272727,
      0.08182942038092138
    ],
    "cov_inv": [
      [
        95.27642736375576,
        62.281330567667304,
        25.67284020146198
      ],
      [
        62.281330567667304,
        52.13050050522176,
        13.868919891854897
      ],
      [
        25.67284020146198,
        13.868919891854897,
        107.18826293715854
      ]
    ]
  }
}