{
  "H_v_thresh": 0.15,
  "G_thresh": 0.85,
  "Var_Q_thresh": 0.01,
  "H_v_mean": 0.3332491985850336,
  "H_v_std": 0.20741287749066448,
  "G_mean": 0.6853404255319115,
  "G_std": 0.29157986947090353,
  "Var_Q_mean": 0.05342004006779182,
  "Var_Q_std": 0.0779211349470541,
  "H_v_p25": 0.1563149672430701,
  "H_v_p50": 0.2877518133345228,
  "H_v_p75": 0.4795499836050461,
  "G_p25": 0.4974999999999975,
  "G_p50": 0.809999999999996,
  "G_p75": 0.9199999999999954,
  "Var_Q_p25": 0.00438296036973034,
  "Var_Q_p50": 0.02918782673852336,
  "Var_Q_p75": 0.06794510163611657,
  "num_positions": 235,
  "probe_budget": 200,
  "timestamp": 1771535395.880509,
  "training_iteration": 2,
  "expected_stop_rate": 0.09787234042553192
}