{
  "H_v_thresh": 0.15,
  "G_thresh": 0.85,
  "Var_Q_thresh": 0.01,
  "H_v_mean": 0.37258279820337836,
  "H_v_std": 0.23194060933839933,
  "G_mean": 0.639003690036897,
  "G_std": 0.3056128136520154,
  "Var_Q_mean": 0.0958803341054618,
  "Var_Q_std": 0.11583627734822002,
  "H_v_p25": 0.16722374906567367,
  "H_v_p50": 0.32726195828761534,
  "H_v_p75": 0.525522112492577,
  "G_p25": 0.397499999999998,
  "G_p50": 0.7449999999999963,
  "G_p75": 0.9149999999999955,
  "Var_Q_p25": 0.010347331471901911,
  "Var_Q_p50": 0.05022419272710541,
  "Var_Q_p75": 0.14072807740520835,
  "num_positions": 271,
  "probe_budget": 200,
  "timestamp": 1771539643.609146,
  "training_iteration": 16,
  "expected_stop_rate": 0.2693726937269373,
  "mahal_model_dict": {
    "ready": true,
    "k": 1.0,
    "mean_vec": [
      0.3725827982033786,
      0.6390036900368977,
      0.0958803341054618
    ],
    "cov_inv": [
      [
        91.13759103891691,
        60.79964172622353,
        19.53353405365168
      ],
      [
        60.799641726223534,
        51.27627669125164,
        11.128166427900075
      ],
      [
        19.53353405365168,
        11.128166427900075,
        78.77058776529122
      ]
    ]
  }
}