{
  "H_v_thresh": 0.15,
  "G_thresh": 0.85,
  "Var_Q_thresh": 0.01,
  "H_v_mean": 0.41027875967436117,
  "H_v_std": 0.21780834951343495,
  "G_mean": 0.5851107011070081,
  "G_std": 0.31151544049064905,
  "Var_Q_mean": 0.05766821492891482,
  "Var_Q_std": 0.08480958154733804,
  "H_v_p25": 0.23033320222639556,
  "H_v_p50": 0.40251691529971545,
  "H_v_p75": 0.5574799127650066,
  "G_p25": 0.3049999999999985,
  "G_p50": 0.6699999999999967,
  "G_p75": 0.8649999999999957,
  "Var_Q_p25": 0.0024327490610525065,
  "Var_Q_p50": 0.02662828944859392,
  "Var_Q_p75": 0.06935356697957815,
  "num_positions": 271,
  "probe_budget": 200,
  "timestamp": 1771538775.0423882,
  "training_iteration": 11,
  "expected_stop_rate": 0.23985239852398524,
  "mahal_model_dict": {
    "ready": true,
    "k": 1.0,
    "mean_vec": [
      0.4102787596743614,
      0.5851107011070082,
      0.057668214928914795
    ],
    "cov_inv": [
      [
        105.33652928831717,
        64.37488264388857,
        22.025853220478155
      ],
      [
        64.37488264388858,
        50.08655257592296,
        5.1362973939534395
      ],
      [
        22.02585322047814,
        5.136297393953427,
        149.55327625115063
      ]
    ]
  }
}