{
  "H_v_thresh": 0.15,
  "G_thresh": 0.85,
  "Var_Q_thresh": 0.01,
  "H_v_mean": 0.43987828718786515,
  "H_v_std": 0.2358333784585697,
  "G_mean": 0.5400925925925899,
  "G_std": 0.3185396230088351,
  "Var_Q_mean": 0.06719470458208013,
  "Var_Q_std": 0.09091082918160766,
  "H_v_p25": 0.2558045365998825,
  "H_v_p50": 0.4087892418062937,
  "H_v_p75": 0.6144154120333742,
  "G_p25": 0.206249999999999,
  "G_p50": 0.5924999999999971,
  "G_p75": 0.8324999999999958,
  "Var_Q_p25": 0.0017484700173648427,
  "Var_Q_p50": 0.03112994098175733,
  "Var_Q_p75": 0.10340296191911302,
  "num_positions": 270,
  "probe_budget": 200,
  "timestamp": 1771547792.9018843,
  "training_iteration": 61,
  "expected_stop_rate": 0.21481481481481482,
  "mahal_model_dict": {
    "ready": true,
    "k": 1.0,
    "mean_vec": [
      0.43987828718786504,
      0.54009259259259,
      0.06719470458208017
    ],
    "cov_inv": [
      [
        82.97362879155195,
        53.47465952755861,
        20.072719529985193
      ],
      [
        53.47465952755861,
        44.39953757884926,
        9.1501170188178
      ],
      [
        20.07271952998519,
        9.150117018817799,
        126.83144088126488
      ]
    ]
  }
}