{
  "H_v_thresh": 0.15,
  "G_thresh": 0.85,
  "Var_Q_thresh": 0.01,
  "H_v_mean": 0.8058902136159485,
  "H_v_std": 0.17375937299482805,
  "G_mean": 0.2370718232044187,
  "G_std": 0.24165118080400141,
  "Var_Q_mean": 0.004472139905511639,
  "Var_Q_std": 0.02794494865948614,
  "H_v_p25": 0.7526162754019644,
  "H_v_p50": 0.8542308641468709,
  "H_v_p75": 0.9127680961042525,
  "G_p25": 0.014999999999999925,
  "G_p50": 0.18499999999999908,
  "G_p75": 0.38999999999999807,
  "Var_Q_p25": 0.0001101593978207248,
  "Var_Q_p50": 0.00044113775554046323,
  "Var_Q_p75": 0.0008452550426069002,
  "num_positions": 181,
  "probe_budget": 200,
  "timestamp": 1771536586.8099751,
  "training_iteration": 0,
  "expected_stop_rate": 0.1878453038674033,
  "mahal_model_dict": {
    "ready": true,
    "k": 1.0,
    "mean_vec": [
      0.8058902136159486,
      0.2370718232044187,
      0.0044721399055116405
    ],
    "cov_inv": [
      [
        145.06943916681223,
        80.06416623620667,
        193.02917785243034
      ],
      [
        80.06416623620667,
        64.86093980173719,
        31.52970304813664
      ],
      [
        193.02917785243022,
        31.52970304813658,
        1800.8059171149318
      ]
    ]
  }
}