{
  "H_v_thresh": 0.15,
  "G_thresh": 0.85,
  "Var_Q_thresh": 0.01,
  "H_v_mean": 0.3057372023606672,
  "H_v_std": 0.2172034038492121,
  "G_mean": 0.7024907063196991,
  "G_std": 0.3003769702608191,
  "Var_Q_mean": 0.08632190925341011,
  "Var_Q_std": 0.10131381064183848,
  "H_v_p25": 0.13079991505150992,
  "H_v_p50": 0.24131240778498234,
  "H_v_p75": 0.41663686165581365,
  "G_p25": 0.5199999999999975,
  "G_p50": 0.8399999999999959,
  "G_p75": 0.9449999999999953,
  "Var_Q_p25": 0.011358519369593785,
  "Var_Q_p50": 0.05583589319526845,
  "Var_Q_p75": 0.12604319344888776,
  "num_positions": 269,
  "probe_budget": 200,
  "timestamp": 1771535913.9343853,
  "training_iteration": 4,
  "expected_stop_rate": 0.11895910780669144
}