{
  "H_v_thresh": 0.15,
  "G_thresh": 0.85,
  "Var_Q_thresh": 0.01,
  "H_v_mean": 0.39140618649327213,
  "H_v_std": 0.20999420784956524,
  "G_mean": 0.6156691449814095,
  "G_std": 0.297154595051523,
  "Var_Q_mean": 0.07584455347452984,
  "Var_Q_std": 0.10881300453103958,
  "H_v_p25": 0.22226475771869497,
  "H_v_p50": 0.3642348854211638,
  "H_v_p75": 0.5027481289488005,
  "G_p25": 0.394999999999998,
  "G_p50": 0.7199999999999964,
  "G_p75": 0.8649999999999957,
  "Var_Q_p25": 0.008511884279728314,
  "Var_Q_p50": 0.03656141058771202,
  "Var_Q_p75": 0.10361275523724442,
  "num_positions": 269,
  "probe_budget": 200,
  "timestamp": 1771543160.7453692,
  "training_iteration": 36,
  "expected_stop_rate": 0.21933085501858737,
  "mahal_model_dict": {
    "ready": true,
    "k": 1.0,
    "mean_vec": [
      0.39140618649327225,
      0.6156691449814097,
      0.07584455347452977
    ],
    "cov_inv": [
      [
        101.1053289315847,
        60.793129515271744,
        25.551284256468893
      ],
      [
        60.793129515271744,
        48.12966441267217,
        10.33474740849043
      ],
      [
        25.5512842564689,
        10.334747408490433,
        92.77849968135926
      ]
    ]
  }
}