{
  "H_v_thresh": 0.15,
  "G_thresh": 0.85,
  "Var_Q_thresh": 0.01,
  "H_v_mean": 0.39997750230909096,
  "H_v_std": 0.21023019627002273,
  "G_mean": 0.5918148148148119,
  "G_std": 0.30846850334888015,
  "Var_Q_mean": 0.07464714571770525,
  "Var_Q_std": 0.09742634367218977,
  "H_v_p25": 0.2235769086642087,
  "H_v_p50": 0.37636597840373526,
  "H_v_p75": 0.5372349381715145,
  "G_p25": 0.3412499999999983,
  "G_p50": 0.6774999999999967,
  "G_p75": 0.8649999999999957,
  "Var_Q_p25": 0.011461373848093204,
  "Var_Q_p50": 0.04277330925100339,
  "Var_Q_p75": 0.09867414944817013,
  "num_positions": 270,
  "probe_budget": 200,
  "timestamp": 1771551521.1171591,
  "training_iteration": 81,
  "expected_stop_rate": 0.2074074074074074,
  "mahal_model_dict": {
    "ready": true,
    "k": 1.0,
    "mean_vec": [
      0.399977502309091,
      0.5918148148148116,
      0.07464714571770527
    ],
    "cov_inv": [
      [
        116.73821314343141,
        71.24699275281391,
        7.0428797113566715
      ],
      [
        71.2469927528139,
        54.027508423363145,
        1.5002235916158901
      ],
      [
        7.042879711356669,
        1.5002235916158888,
        106.11929174449864
      ]
    ]
  }
}