{
  "H_v_thresh": 0.15,
  "G_thresh": 0.85,
  "Var_Q_thresh": 0.01,
  "H_v_mean": 0.39381953063529895,
  "H_v_std": 0.2201573466111974,
  "G_mean": 0.5935555555555527,
  "G_std": 0.30766887363278755,
  "Var_Q_mean": 0.06790958868975015,
  "Var_Q_std": 0.1012870279365735,
  "H_v_p25": 0.1990894342517173,
  "H_v_p50": 0.3708954425919321,
  "H_v_p75": 0.5596809972387875,
  "G_p25": 0.2962499999999985,
  "G_p50": 0.6699999999999966,
  "G_p75": 0.8837499999999956,
  "Var_Q_p25": 0.0037865768896666067,
  "Var_Q_p50": 0.024512812626337144,
  "Var_Q_p75": 0.08591778854120471,
  "num_positions": 270,
  "probe_budget": 200,
  "timestamp": 1771548717.4435282,
  "training_iteration": 66,
  "expected_stop_rate": 0.26296296296296295,
  "mahal_model_dict": {
    "ready": true,
    "k": 1.0,
    "mean_vec": [
      0.39381953063529884,
      0.5935555555555525,
      0.0679095886897502
    ],
    "cov_inv": [
      [
        108.36918872970487,
        68.85809744726247,
        14.375435813318298
      ],
      [
        68.8580974472625,
        54.579907863941614,
        3.638002400429568
      ],
      [
        14.375435813318294,
        3.638002400429565,
        101.80128919790019
      ]
    ]
  }
}