{
  "H_v_thresh": 0.15,
  "G_thresh": 0.85,
  "Var_Q_thresh": 0.01,
  "H_v_mean": 0.41196242106779357,
  "H_v_std": 0.22241381964810203,
  "G_mean": 0.5987499999999969,
  "G_std": 0.29717360277549265,
  "Var_Q_mean": 0.05391249537539744,
  "Var_Q_std": 0.06951210602301638,
  "H_v_p25": 0.232438596854893,
  "H_v_p50": 0.3754518815673895,
  "H_v_p75": 0.5635048752312961,
  "G_p25": 0.3799999999999981,
  "G_p50": 0.6799999999999966,
  "G_p75": 0.8562499999999957,
  "Var_Q_p25": 0.005114269389396839,
  "Var_Q_p50": 0.02824952441999459,
  "Var_Q_p75": 0.0755778983793176,
  "num_positions": 268,
  "probe_budget": 200,
  "timestamp": 1771540507.5431898,
  "training_iteration": 21,
  "expected_stop_rate": 0.23507462686567165,
  "mahal_model_dict": {
    "ready": true,
    "k": 1.0,
    "mean_vec": [
      0.4119624210677935,
      0.5987499999999968,
      0.05391249537539743
    ],
    "cov_inv": [
      [
        99.42924415039398,
        65.03158341839296,
        32.40234138575966
      ],
      [
        65.03158341839296,
        54.01311163535334,
        14.745039524207389
      ],
      [
        32.40234138575966,
        14.745039524207392,
        220.32269987292983
      ]
    ]
  }
}