{
  "H_v_thresh": 0.15,
  "G_thresh": 0.85,
  "Var_Q_thresh": 0.01,
  "H_v_mean": 0.372002388526042,
  "H_v_std": 0.20962362606303428,
  "G_mean": 0.6237360594795508,
  "G_std": 0.2975561567080747,
  "Var_Q_mean": 0.09217757164151752,
  "Var_Q_std": 0.11714390429025366,
  "H_v_p25": 0.19270357417876438,
  "H_v_p50": 0.33532857702303387,
  "H_v_p75": 0.5104026390875257,
  "G_p25": 0.35499999999999826,
  "G_p50": 0.7149999999999964,
  "G_p75": 0.8899999999999956,
  "Var_Q_p25": 0.013818850437250542,
  "Var_Q_p50": 0.056800367864430296,
  "Var_Q_p75": 0.13250296564112843,
  "num_positions": 269,
  "probe_budget": 200,
  "timestamp": 1771549655.2499838,
  "training_iteration": 71,
  "expected_stop_rate": 0.22676579925650558,
  "mahal_model_dict": {
    "ready": true,
    "k": 1.0,
    "mean_vec": [
      0.37200238852604184,
      0.6237360594795512,
      0.09217757164151753
    ],
    "cov_inv": [
      [
        133.95939497404987,
        85.54756449020034,
        10.585831122650344
      ],
      [
        85.54756449020033,
        65.97252496334657,
        4.209879772668271
      ],
      [
        10.585831122650347,
        4.209879772668275,
        74.00583530995573
      ]
    ]
  }
}