{
  "H_v_thresh": 0.15,
  "G_thresh": 0.85,
  "Var_Q_thresh": 0.01,
  "H_v_mean": 0.3385447536583828,
  "H_v_std": 0.21204862665548105,
  "G_mean": 0.6709444444444412,
  "G_std": 0.2936607022137802,
  "Var_Q_mean": 0.11000719924351117,
  "Var_Q_std": 0.1288413003321452,
  "H_v_p25": 0.1543091941220591,
  "H_v_p50": 0.2878657450811878,
  "H_v_p75": 0.4906274415029791,
  "G_p25": 0.4412499999999978,
  "G_p50": 0.7874999999999961,
  "G_p75": 0.9299999999999954,
  "Var_Q_p25": 0.020415058856552336,
  "Var_Q_p50": 0.0639222748572606,
  "Var_Q_p75": 0.17171495189320826,
  "num_positions": 270,
  "probe_budget": 200,
  "timestamp": 1771537899.247249,
  "training_iteration": 6,
  "expected_stop_rate": 0.24074074074074073,
  "mahal_model_dict": {
    "ready": true,
    "k": 1.0,
    "mean_vec": [
      0.33854475365838255,
      0.6709444444444412,
      0.11000719924351116
    ],
    "cov_inv": [
      [
        107.38744339009226,
        68.73161876974538,
        9.840532791996607
      ],
      [
        68.73161876974538,
        55.572460918456436,
        4.978203654548673
      ],
      [
        9.840532791996605,
        4.97820365454867,
        61.06615886967576
      ]
    ]
  }
}