{
  "H_v_thresh": 0.15,
  "G_thresh": 0.85,
  "Var_Q_thresh": 0.01,
  "H_v_mean": 0.4162046088481882,
  "H_v_std": 0.22931554811277563,
  "G_mean": 0.5815111940298479,
  "G_std": 0.3037478147235296,
  "Var_Q_mean": 0.07404818176519357,
  "Var_Q_std": 0.10348874370540177,
  "H_v_p25": 0.2300820980311593,
  "H_v_p50": 0.3795664161230571,
  "H_v_p75": 0.573204595227665,
  "G_p25": 0.3024999999999985,
  "G_p50": 0.6674999999999967,
  "G_p75": 0.8612499999999957,
  "Var_Q_p25": 0.0027604629765131576,
  "Var_Q_p50": 0.025582662793250173,
  "Var_Q_p75": 0.1065572719034746,
  "num_positions": 268,
  "probe_budget": 200,
  "timestamp": 1771545001.7284088,
  "training_iteration": 46,
  "expected_stop_rate": 0.22014925373134328,
  "mahal_model_dict": {
    "ready": true,
    "k": 1.0,
    "mean_vec": [
      0.41620460884818794,
      0.581511194029848,
      0.07404818176519357
    ],
    "cov_inv": [
      [
        88.26897101729566,
        56.80894728908681,
        24.351949978034913
      ],
      [
        56.80894728908681,
        47.82472510175092,
        8.955538168091548
      ],
      [
        24.35194997803491,
        8.955538168091548,
        103.73858857543505
      ]
    ]
  }
}