{
  "H_v_thresh": 0.15,
  "G_thresh": 0.85,
  "Var_Q_thresh": 0.01,
  "H_v_mean": 0.3079551195851482,
  "H_v_std": 0.21243194465859672,
  "G_mean": 0.7084090909090874,
  "G_std": 0.29617307733069914,
  "Var_Q_mean": 0.06956095343939411,
  "Var_Q_std": 0.07310763837764449,
  "H_v_p25": 0.13769753430445647,
  "H_v_p50": 0.25339394659419934,
  "H_v_p75": 0.44139770067308975,
  "G_p25": 0.5199999999999975,
  "G_p50": 0.8524999999999958,
  "G_p75": 0.9399999999999953,
  "Var_Q_p25": 0.015670948130734323,
  "Var_Q_p50": 0.048555740055044844,
  "Var_Q_p75": 0.10068912605742747,
  "num_positions": 264,
  "probe_budget": 200,
  "timestamp": 1771535661.7738714,
  "training_iteration": 3,
  "expected_stop_rate": 0.056818181818181816
}