{
  "H_v_thresh": 0.15,
  "G_thresh": 0.85,
  "Var_Q_thresh": 0.01,
  "H_v_mean": 0.4055284953108351,
  "H_v_std": 0.21070808445718048,
  "G_mean": 0.5796125461254584,
  "G_std": 0.30485090613567983,
  "Var_Q_mean": 0.07394477468809355,
  "Var_Q_std": 0.10304669896045274,
  "H_v_p25": 0.2296653608974909,
  "H_v_p50": 0.38893519684115585,
  "H_v_p75": 0.5299752508539171,
  "G_p25": 0.31749999999999845,
  "G_p50": 0.6449999999999968,
  "G_p75": 0.8599999999999958,
  "Var_Q_p25": 0.00327514911665146,
  "Var_Q_p50": 0.030908845153145636,
  "Var_Q_p75": 0.10615209102697568,
  "num_positions": 271,
  "probe_budget": 200,
  "timestamp": 1771550590.868761,
  "training_iteration": 76,
  "expected_stop_rate": 0.2066420664206642,
  "mahal_model_dict": {
    "ready": true,
    "k": 1.0,
    "mean_vec": [
      0.40552849531083535,
      0.5796125461254584,
      0.07394477468809363
    ],
    "cov_inv": [
      [
        86.65339859503712,
        50.27157620567971,
        15.942439904669818
      ],
      [
        50.27157620567971,
        40.27938527370386,
        3.0578815259187975
      ],
      [
        15.942439904669817,
        3.0578815259187957,
        100.19950041887937
      ]
    ]
  }
}