{
  "H_v_thresh": 0.15,
  "G_thresh": 0.85,
  "Var_Q_thresh": 0.01,
  "H_v_mean": 0.36988978446909593,
  "H_v_std": 0.2099349710085939,
  "G_mean": 0.6077407407407377,
  "G_std": 0.30615973712506256,
  "Var_Q_mean": 0.10896373909131295,
  "Var_Q_std": 0.11826429491336596,
  "H_v_p25": 0.18179199350834302,
  "H_v_p50": 0.3585797033053571,
  "H_v_p75": 0.5070004468830798,
  "G_p25": 0.35624999999999823,
  "G_p50": 0.6749999999999966,
  "G_p75": 0.9037499999999955,
  "Var_Q_p25": 0.02001821906247264,
  "Var_Q_p50": 0.07680733408012502,
  "Var_Q_p75": 0.15333509661177125,
  "num_positions": 270,
  "probe_budget": 200,
  "timestamp": 1771552453.5416481,
  "training_iteration": 86,
  "expected_stop_rate": 0.22962962962962963,
  "mahal_model_dict": {
    "ready": true,
    "k": 1.0,
    "mean_vec": [
      0.36988978446909554,
      0.6077407407407377,
      0.10896373909131295
    ],
    "cov_inv": [
      [
        104.18453131142452,
        62.0891630133734,
        15.085673591606344
      ],
      [
        62.0891630133734,
        47.870139043233806,
        4.818434008529023
      ],
      [
        15.085673591606342,
        4.818434008529022,
        75.01380372163369
      ]
    ]
  }
}