{
  "H_v_thresh": 0.15,
  "G_thresh": 0.85,
  "Var_Q_thresh": 0.01,
  "H_v_mean": 0.35437116972752475,
  "H_v_std": 0.20697989805419284,
  "G_mean": 0.6489325842696597,
  "G_std": 0.29237738418174747,
  "Var_Q_mean": 0.08665747123204008,
  "Var_Q_std": 0.09152144708856905,
  "H_v_p25": 0.17102780531286216,
  "H_v_p50": 0.3288964856986611,
  "H_v_p75": 0.4835361045757353,
  "G_p25": 0.412499999999998,
  "G_p50": 0.7549999999999962,
  "G_p75": 0.9074999999999955,
  "Var_Q_p25": 0.020923160675257818,
  "Var_Q_p50": 0.05089308653157387,
  "Var_Q_p75": 0.12754198888208057,
  "num_positions": 267,
  "probe_budget": 200,
  "timestamp": 1771554382.0801077,
  "training_iteration": 96,
  "expected_stop_rate": 0.25842696629213485,
  "mahal_model_dict": {
    "ready": true,
    "k": 1.0,
    "mean_vec": [
      0.3543711697275248,
      0.6489325842696602,
      0.08665747123204014
    ],
    "cov_inv": [
      [
        138.7359876418981,
        89.49023242993304,
        12.120382559235933
      ],
      [
        89.49023242993302,
        69.37986011546464,
        7.468874385686599
      ],
      [
        12.120382559235935,
        7.468874385686601,
        119.99428499638589
      ]
    ]
  }
}