{
  "H_v_thresh": 0.15,
  "G_thresh": 0.85,
  "Var_Q_thresh": 0.01,
  "H_v_mean": 0.4016860047544138,
  "H_v_std": 0.23206354684194935,
  "G_mean": 0.584460966542748,
  "G_std": 0.30845186546542724,
  "Var_Q_mean": 0.0817197735735531,
  "Var_Q_std": 0.09951871986168027,
  "H_v_p25": 0.1970489254109051,
  "H_v_p50": 0.36879337109297056,
  "H_v_p75": 0.5583289395061235,
  "G_p25": 0.3449999999999983,
  "G_p50": 0.6199999999999969,
  "G_p75": 0.8899999999999956,
  "Var_Q_p25": 0.006776067609113182,
  "Var_Q_p50": 0.03887065402640022,
  "Var_Q_p75": 0.11220824149995333,
  "num_positions": 269,
  "probe_budget": 200,
  "timestamp": 1771544078.945729,
  "training_iteration": 41,
  "expected_stop_rate": 0.241635687732342,
  "mahal_model_dict": {
    "ready": true,
    "k": 1.0,
    "mean_vec": [
      0.4016860047544138,
      0.5844609665427477,
      0.08171977357355312
    ],
    "cov_inv": [
      [
        90.2320744748194,
        60.421145807476854,
        4.178836914085541
      ],
      [
        60.42114580747686,
        50.9799400803233,
        0.5637020132264711
      ],
      [
        4.178836914085542,
        0.5637020132264724,
        101.25221117502153
      ]
    ]
  }
}