{
  "H_v_thresh": 0.15,
  "G_thresh": 0.85,
  "Var_Q_thresh": 0.01,
  "H_v_mean": 0.39866126587150696,
  "H_v_std": 0.2269108603166046,
  "G_mean": 0.6084345794392492,
  "G_std": 0.3052702998991601,
  "Var_Q_mean": 0.05659898253327495,
  "Var_Q_std": 0.10894389466805897,
  "H_v_p25": 0.20757489971202087,
  "H_v_p50": 0.3535362087726084,
  "H_v_p75": 0.5423490844301876,
  "G_p25": 0.3599999999999982,
  "G_p50": 0.6849999999999966,
  "G_p75": 0.8837499999999956,
  "Var_Q_p25": 0.006393667016250553,
  "Var_Q_p50": 0.023284509073708118,
  "Var_Q_p75": 0.065725164111683,
  "num_positions": 214,
  "probe_budget": 200,
  "timestamp": 1771537021.501502,
  "training_iteration": 1,
  "expected_stop_rate": 0.2102803738317757,
  "mahal_model_dict": {
    "ready": true,
    "k": 1.0,
    "mean_vec": [
      0.3986612658715068,
      0.6084345794392496,
      0.056598982533274944
    ],
    "cov_inv": [
      [
        111.97336483036666,
        73.66234321661241,
        23.603162031475595
      ],
      [
        73.66234321661241,
        59.534968188887945,
        9.664936066457098
      ],
      [
        23.60316203147559,
        9.664936066457093,
        91.93246253044376
      ]
    ]
  }
}