{
  "H_v_thresh": 0.15,
  "G_thresh": 0.85,
  "Var_Q_thresh": 0.01,
  "H_v_mean": 0.39034587201723203,
  "H_v_std": 0.21156964531444555,
  "G_mean": 0.6125185185185155,
  "G_std": 0.29057948111015824,
  "Var_Q_mean": 0.08569246719919706,
  "Var_Q_std": 0.10254708603224098,
  "H_v_p25": 0.2353064251724406,
  "H_v_p50": 0.36897050352896027,
  "H_v_p75": 0.5165219755304011,
  "G_p25": 0.39124999999999804,
  "G_p50": 0.6724999999999967,
  "G_p75": 0.8549999999999958,
  "Var_Q_p25": 0.015652772791162898,
  "Var_Q_p50": 0.05382515568372997,
  "Var_Q_p75": 0.11799608090086303,
  "num_positions": 270,
  "probe_budget": 200,
  "timestamp": 1771645481.1685076,
  "training_iteration": 82,
  "expected_stop_rate": 0.17037037037037037,
  "mahal_model_dict": {
    "ready": true,
    "k": 1.0,
    "mean_vec": [
      0.3903458720172322,
      0.612518518518516,
      0.08569246719919701
    ],
    "cov_inv": [
      [
        113.1743499931533,
        71.36149710081094,
        22.532707017115307
      ],
      [
        71.36149710081094,
        57.67611624011458,
        4.741529848537772
      ],
      [
        22.532707017115307,
        4.741529848537773,
        106.28653551116106
      ]
    ]
  }
}