{
  "H_v_thresh": 0.15,
  "G_thresh": 0.85,
  "Var_Q_thresh": 0.01,
  "H_v_mean": 0.3788751332473199,
  "H_v_std": 0.2234229484389783,
  "G_mean": 0.6329335793357901,
  "G_std": 0.3087404049597576,
  "Var_Q_mean": 0.06048037664730158,
  "Var_Q_std": 0.0762585229034031,
  "H_v_p25": 0.19086718404071656,
  "H_v_p50": 0.346683105241236,
  "H_v_p75": 0.5366066071219577,
  "G_p25": 0.3799999999999981,
  "G_p50": 0.7649999999999962,
  "G_p75": 0.9049999999999955,
  "Var_Q_p25": 0.013175035580244718,
  "Var_Q_p50": 0.03328893036606775,
  "Var_Q_p75": 0.08222032438447707,
  "num_positions": 271,
  "probe_budget": 200,
  "timestamp": 1771623714.910367,
  "training_iteration": 7,
  "expected_stop_rate": 0.2140221402214022,
  "mahal_model_dict": {
    "ready": true,
    "k": 1.0,
    "mean_vec": [
      0.37887513324731975,
      0.6329335793357899,
      0.06048037664730159
    ],
    "cov_inv": [
      [
        126.16182423200156,
        79.74169388356457,
        55.84229749160577
      ],
      [
        79.74169388356455,
        61.34846501519213,
        25.87252616735288
      ],
      [
        55.842297491605784,
        25.872526167352895,
        204.12291712387315
      ]
    ]
  }
}