{
  "H_v_thresh": 0.15,
  "G_thresh": 0.85,
  "Var_Q_thresh": 0.01,
  "H_v_mean": 0.3789036812118391,
  "H_v_std": 0.2317117014005176,
  "G_mean": 0.6302014652014621,
  "G_std": 0.30122165131559764,
  "Var_Q_mean": 0.08742389959766597,
  "Var_Q_std": 0.1093140156391696,
  "H_v_p25": 0.18803246106599408,
  "H_v_p50": 0.3365590338652257,
  "H_v_p75": 0.5335418340959734,
  "G_p25": 0.399999999999998,
  "G_p50": 0.7199999999999964,
  "G_p75": 0.8849999999999956,
  "Var_Q_p25": 0.013661082823608214,
  "Var_Q_p50": 0.055468195744631445,
  "Var_Q_p75": 0.13287800833894006,
  "num_positions": 273,
  "probe_budget": 200,
  "timestamp": 1771627832.554766,
  "training_iteration": 22,
  "expected_stop_rate": 0.20512820512820512,
  "mahal_model_dict": {
    "ready": true,
    "k": 1.0,
    "mean_vec": [
      0.3789036812118391,
      0.6302014652014627,
      0.08742389959766597
    ],
    "cov_inv": [
      [
        130.58763023016076,
        90.71950612285845,
        28.80809794476867
      ],
      [
        90.71950612285845,
        74.32050578882598,
        14.800217615238514
      ],
      [
        28.80809794476866,
        14.800217615238507,
        92.13209169887497
      ]
    ]
  }
}