{
  "H_v_thresh": 0.15,
  "G_thresh": 0.85,
  "Var_Q_thresh": 0.01,
  "H_v_mean": 0.38321833714182113,
  "H_v_std": 0.22937581432658602,
  "G_mean": 0.615074074074071,
  "G_std": 0.31179111311378693,
  "Var_Q_mean": 0.08541172232392677,
  "Var_Q_std": 0.09651183171654604,
  "H_v_p25": 0.18868619550407997,
  "H_v_p50": 0.33841758768595204,
  "H_v_p75": 0.5461008477726026,
  "G_p25": 0.33499999999999835,
  "G_p50": 0.7249999999999964,
  "G_p75": 0.8987499999999955,
  "Var_Q_p25": 0.01151609556627515,
  "Var_Q_p50": 0.05313480855981442,
  "Var_Q_p75": 0.12305655200534432,
  "num_positions": 270,
  "probe_budget": 200,
  "timestamp": 1771637514.636337,
  "training_iteration": 57,
  "expected_stop_rate": 0.23333333333333334,
  "mahal_model_dict": {
    "ready": true,
    "k": 1.0,
    "mean_vec": [
      0.38321833714182096,
      0.6150740740740708,
      0.08541172232392683
    ],
    "cov_inv": [
      [
        100.30624377043483,
        64.29164119504348,
        30.93704825882728
      ],
      [
        64.29164119504348,
        51.71243942512024,
        14.530978879251094
      ],
      [
        30.93704825882728,
        14.530978879251094,
        119.16413941725254
      ]
    ]
  }
}