{
  "H_v_thresh": 0.15,
  "G_thresh": 0.85,
  "Var_Q_thresh": 0.01,
  "H_v_mean": 0.39222630384077534,
  "H_v_std": 0.21613484639543207,
  "G_mean": 0.594059040590403,
  "G_std": 0.2987491453791313,
  "Var_Q_mean": 0.08970316844493052,
  "Var_Q_std": 0.09978289436554497,
  "H_v_p25": 0.22454094300513006,
  "H_v_p50": 0.363298807476074,
  "H_v_p75": 0.540838837394187,
  "G_p25": 0.32749999999999835,
  "G_p50": 0.6749999999999966,
  "G_p75": 0.8599999999999958,
  "Var_Q_p25": 0.007124122420191354,
  "Var_Q_p50": 0.060376040465887605,
  "Var_Q_p75": 0.13405733192208014,
  "num_positions": 271,
  "probe_budget": 200,
  "timestamp": 1771642462.3298223,
  "training_iteration": 72,
  "expected_stop_rate": 0.2140221402214022,
  "mahal_model_dict": {
    "ready": true,
    "k": 1.0,
    "mean_vec": [
      0.392226303840775,
      0.594059040590403,
      0.08970316844493047
    ],
    "cov_inv": [
      [
        98.17056022743702,
        61.85063741192918,
        23.043379484513835
      ],
      [
        61.85063741192917,
        50.18100631580247,
        12.271492062887454
      ],
      [
        23.043379484513835,
        12.271492062887452,
        105.91404392976393
      ]
    ]
  }
}