{
  "H_v_thresh": 0.15,
  "G_thresh": 0.85,
  "Var_Q_thresh": 0.01,
  "H_v_mean": 0.3634673238678962,
  "H_v_std": 0.22839678839293212,
  "G_mean": 0.6370479704797017,
  "G_std": 0.303873446519386,
  "Var_Q_mean": 0.10559787621384176,
  "Var_Q_std": 0.12037579888117979,
  "H_v_p25": 0.1626697629270443,
  "H_v_p50": 0.31442763281440067,
  "H_v_p75": 0.5022105595274288,
  "G_p25": 0.407499999999998,
  "G_p50": 0.7349999999999963,
  "G_p75": 0.9199999999999954,
  "Var_Q_p25": 0.01657358268850373,
  "Var_Q_p50": 0.06926161759015906,
  "Var_Q_p75": 0.15304763299777624,
  "num_positions": 271,
  "probe_budget": 200,
  "timestamp": 1771630680.4903831,
  "training_iteration": 32,
  "expected_stop_rate": 0.23616236162361623,
  "mahal_model_dict": {
    "ready": true,
    "k": 1.0,
    "mean_vec": [
      0.3634673238678961,
      0.6370479704797015,
      0.1055978762138417
    ],
    "cov_inv": [
      [
        88.73139565778744,
        57.876589052275094,
        14.157925156798573
      ],
      [
        57.8765890522751,
        48.85559121861677,
        4.51352876772622
      ],
      [
        14.157925156798575,
        4.513528767726221,
        73.01844839158049
      ]
    ]
  }
}