{
  "H_v_thresh": 0.15,
  "G_thresh": 0.85,
  "Var_Q_thresh": 0.01,
  "H_v_mean": 0.37896460528189385,
  "H_v_std": 0.197331050509653,
  "G_mean": 0.6264259259259227,
  "G_std": 0.2955357722191661,
  "Var_Q_mean": 0.06100327977278698,
  "Var_Q_std": 0.06300796166861622,
  "H_v_p25": 0.2154520898340324,
  "H_v_p50": 0.34791514293361553,
  "H_v_p75": 0.5272017742166688,
  "G_p25": 0.399999999999998,
  "G_p50": 0.7324999999999964,
  "G_p75": 0.8849999999999956,
  "Var_Q_p25": 0.014565683383072788,
  "Var_Q_p50": 0.042014906948763746,
  "Var_Q_p75": 0.09615885006754313,
  "num_positions": 270,
  "probe_budget": 200,
  "timestamp": 1771649475.094775,
  "training_iteration": 97,
  "expected_stop_rate": 0.2111111111111111,
  "mahal_model_dict": {
    "ready": true,
    "k": 1.0,
    "mean_vec": [
      0.37896460528189374,
      0.6264259259259226,
      0.06100327977278695
    ],
    "cov_inv": [
      [
        121.37184013222108,
        70.30007715379475,
        51.88154744645248
      ],
      [
        70.30007715379476,
        52.192348882322655,
        25.94210674073081
      ],
      [
        51.88154744645248,
        25.942106740730804,
        274.54139193620017
      ]
    ]
  }
}