{
  "H_v_thresh": 0.15,
  "G_thresh": 0.85,
  "Var_Q_thresh": 0.01,
  "H_v_mean": 0.3475748169218115,
  "H_v_std": 0.20460599622650372,
  "G_mean": 0.6505947955390302,
  "G_std": 0.2930930732105261,
  "Var_Q_mean": 0.12129482679030978,
  "Var_Q_std": 0.1253129174501106,
  "H_v_p25": 0.16933208469345212,
  "H_v_p50": 0.30570500218883867,
  "H_v_p75": 0.4760281082750895,
  "G_p25": 0.4299999999999979,
  "G_p50": 0.7449999999999963,
  "G_p75": 0.9149999999999955,
  "Var_Q_p25": 0.03146784677711706,
  "Var_Q_p50": 0.08752273458786747,
  "Var_Q_p75": 0.1672413120997245,
  "num_positions": 269,
  "probe_budget": 200,
  "timestamp": 1771634580.3030646,
  "training_iteration": 47,
  "expected_stop_rate": 0.21561338289962825,
  "mahal_model_dict": {
    "ready": true,
    "k": 1.0,
    "mean_vec": [
      0.3475748169218114,
      0.6505947955390297,
      0.12129482679030981
    ],
    "cov_inv": [
      [
        116.42875498892923,
        71.5565538062504,
        14.62706569788954
      ],
      [
        71.55655380625042,
        55.712137382942245,
        6.03226875669431
      ],
      [
        14.627065697889542,
        6.032268756694311,
        66.02304179078443
      ]
    ]
  }
}