{
  "H_v_thresh": 0.15,
  "G_thresh": 0.85,
  "Var_Q_thresh": 0.01,
  "H_v_mean": 0.39284810155469974,
  "H_v_std": 0.22654227191316673,
  "G_mean": 0.6066666666666637,
  "G_std": 0.2994061073091466,
  "Var_Q_mean": 0.08897813908530867,
  "Var_Q_std": 0.12181876975646903,
  "H_v_p25": 0.21090988200824884,
  "H_v_p50": 0.3533205006388336,
  "H_v_p75": 0.5368859242201726,
  "G_p25": 0.36499999999999816,
  "G_p50": 0.6749999999999966,
  "G_p75": 0.8749999999999957,
  "Var_Q_p25": 0.005240825449714989,
  "Var_Q_p50": 0.0351755183702241,
  "Var_Q_p75": 0.12628101431427602,
  "num_positions": 273,
  "probe_budget": 200,
  "timestamp": 1771628824.0841002,
  "training_iteration": 27,
  "expected_stop_rate": 0.22344322344322345,
  "mahal_model_dict": {
    "ready": true,
    "k": 1.0,
    "mean_vec": [
      0.3928481015546996,
      0.6066666666666635,
      0.0889781390853087
    ],
    "cov_inv": [
      [
        122.93099947168184,
        84.4886029355511,
        8.960119177829725
      ],
      [
        84.4886029355511,
        69.73259899170326,
        -0.0705897540968247
      ],
      [
        8.96011917782973,
        -0.07058975409682132,
        71.11402158386133
      ]
    ]
  }
}