{
  "H_v_thresh": 0.15,
  "G_thresh": 0.85,
  "Var_Q_thresh": 0.01,
  "H_v_mean": 0.40491028446406946,
  "H_v_std": 0.22436012077086975,
  "G_mean": 0.5949999999999971,
  "G_std": 0.3034925848805698,
  "Var_Q_mean": 0.07485804239328375,
  "Var_Q_std": 0.08582733391855543,
  "H_v_p25": 0.2162836950747242,
  "H_v_p50": 0.3730147156160174,
  "H_v_p75": 0.5767171685416937,
  "G_p25": 0.3399999999999983,
  "G_p50": 0.6499999999999968,
  "G_p75": 0.8699999999999957,
  "Var_Q_p25": 0.017145892753560127,
  "Var_Q_p50": 0.0482115308459402,
  "Var_Q_p75": 0.10181909649661508,
  "num_positions": 271,
  "probe_budget": 200,
  "timestamp": 1771646521.3257325,
  "training_iteration": 87,
  "expected_stop_rate": 0.2177121771217712,
  "mahal_model_dict": {
    "ready": true,
    "k": 1.0,
    "mean_vec": [
      0.4049102844640693,
      0.5949999999999972,
      0.07485804239328377
    ],
    "cov_inv": [
      [
        122.87986642285992,
        81.10556193021431,
        29.371432728622587
      ],
      [
        81.10556193021431,
        64.82238548653649,
        11.216881539787503
      ],
      [
        29.371432728622576,
        11.216881539787494,
        148.16572273716386
      ]
    ]
  }
}