{
  "H_v_thresh": 0.15,
  "G_thresh": 0.85,
  "Var_Q_thresh": 0.01,
  "H_v_mean": 0.36557499288602713,
  "H_v_std": 0.20513975298225295,
  "G_mean": 0.6508550185873574,
  "G_std": 0.28567895611899163,
  "Var_Q_mean": 0.07702863553913832,
  "Var_Q_std": 0.08826087464349834,
  "H_v_p25": 0.19899332888566967,
  "H_v_p50": 0.3272865744198733,
  "H_v_p75": 0.49132971632565736,
  "G_p25": 0.44999999999999774,
  "G_p50": 0.7449999999999963,
  "G_p75": 0.8949999999999956,
  "Var_Q_p25": 0.010784319355920578,
  "Var_Q_p50": 0.04733926369030754,
  "Var_Q_p75": 0.10640099113380654,
  "num_positions": 269,
  "probe_budget": 200,
  "timestamp": 1771643564.082516,
  "training_iteration": 77,
  "expected_stop_rate": 0.21933085501858737,
  "mahal_model_dict": {
    "ready": true,
    "k": 1.0,
    "mean_vec": [
      0.36557499288602735,
      0.6508550185873575,
      0.07702863553913832
    ],
    "cov_inv": [
      [
        143.9499545594433,
        93.60246962400763,
        24.381896415990457
      ],
      [
        93.60246962400763,
        73.14573717521908,
        12.767769554488853
      ],
      [
        24.38189641599046,
        12.767769554488858,
        132.78181266252886
      ]
    ]
  }
}