{
  "H_v_thresh": 0.15,
  "G_thresh": 0.85,
  "Var_Q_thresh": 0.01,
  "H_v_mean": 0.3891431071994255,
  "H_v_std": 0.22629135790601035,
  "G_mean": 0.6333402489626525,
  "G_std": 0.30504904781861036,
  "Var_Q_mean": 0.05560255974782939,
  "Var_Q_std": 0.07779019456773086,
  "H_v_p25": 0.1968914051697884,
  "H_v_p50": 0.36965960220149907,
  "H_v_p75": 0.5238561384160102,
  "G_p25": 0.41999999999999793,
  "G_p50": 0.7299999999999963,
  "G_p75": 0.8949999999999956,
  "Var_Q_p25": 0.00851789493125412,
  "Var_Q_p50": 0.027602248327650653,
  "Var_Q_p75": 0.07029008704504294,
  "num_positions": 241,
  "probe_budget": 200,
  "timestamp": 1771622414.9625216,
  "training_iteration": 2,
  "expected_stop_rate": 0.1908713692946058,
  "mahal_model_dict": {
    "ready": true,
    "k": 1.0,
    "mean_vec": [
      0.3891431071994255,
      0.6333402489626527,
      0.05560255974782933
    ],
    "cov_inv": [
      [
        92.90524922530454,
        59.166639039765386,
        30.545468737657796
      ],
      [
        59.16663903976537,
        48.879151137278576,
        10.199448181696344
      ],
      [
        30.54546873765779,
        10.199448181696342,
        182.22922456531995
      ]
    ]
  }
}