{
  "H_v_thresh": 0.15,
  "G_thresh": 0.85,
  "Var_Q_thresh": 0.01,
  "H_v_mean": 0.36614944265391675,
  "H_v_std": 0.22310219605257053,
  "G_mean": 0.625018382352938,
  "G_std": 0.31205129496847134,
  "Var_Q_mean": 0.10672482221316741,
  "Var_Q_std": 0.1273325850893564,
  "H_v_p25": 0.16399930273437013,
  "H_v_p50": 0.3379367133520915,
  "H_v_p75": 0.5282261498356515,
  "G_p25": 0.36874999999999813,
  "G_p50": 0.7099999999999965,
  "G_p75": 0.9199999999999954,
  "Var_Q_p25": 0.014734804640094946,
  "Var_Q_p50": 0.06306521942618783,
  "Var_Q_p75": 0.15763115340888895,
  "num_positions": 272,
  "probe_budget": 200,
  "timestamp": 1771625937.228486,
  "training_iteration": 17,
  "expected_stop_rate": 0.24632352941176472,
  "mahal_model_dict": {
    "ready": true,
    "k": 1.0,
    "mean_vec": [
      0.3661494426539169,
      0.6250183823529385,
      0.10672482221316737
    ],
    "cov_inv": [
      [
        107.16413626409032,
        68.5860134943324,
        7.87432610602249
      ],
      [
        68.5860134943324,
        54.31688931308207,
        1.594806684401064
      ],
      [
        7.874326106022493,
        1.5948066844010653,
        63.16345793208991
      ]
    ]
  }
}