{
  "H_v_thresh": 0.15,
  "G_thresh": 0.85,
  "Var_Q_thresh": 0.01,
  "H_v_mean": 0.3428737954818841,
  "H_v_std": 0.20243110056297461,
  "G_mean": 0.649456928838948,
  "G_std": 0.30072662473835293,
  "Var_Q_mean": 0.11270303178515965,
  "Var_Q_std": 0.10915557272489818,
  "H_v_p25": 0.16368067481386603,
  "H_v_p50": 0.3029104992122932,
  "H_v_p75": 0.47824231121657723,
  "G_p25": 0.394999999999998,
  "G_p50": 0.7449999999999963,
  "G_p75": 0.9199999999999954,
  "Var_Q_p25": 0.026951401631212145,
  "Var_Q_p50": 0.07412018515709631,
  "Var_Q_p75": 0.16853618736648585,
  "num_positions": 267,
  "probe_budget": 200,
  "timestamp": 1771633549.011572,
  "training_iteration": 42,
  "expected_stop_rate": 0.21722846441947566,
  "mahal_model_dict": {
    "ready": true,
    "k": 1.0,
    "mean_vec": [
      0.3428737954818841,
      0.649456928838948,
      0.11270303178515964
    ],
    "cov_inv": [
      [
        117.66912149328809,
        69.18217395008966,
        18.273287756276076
      ],
      [
        69.18217395008966,
        51.983082256747025,
        5.734974011027576
      ],
      [
        18.27328775627608,
        5.734974011027577,
        88.66303202427908
      ]
    ]
  }
}