{
  "H_v_thresh": 0.15,
  "G_thresh": 0.85,
  "Var_Q_thresh": 0.01,
  "H_v_mean": 0.38771028503675675,
  "H_v_std": 0.2198369618102543,
  "G_mean": 0.6083029197080261,
  "G_std": 0.3014262681004485,
  "Var_Q_mean": 0.09192239636665746,
  "Var_Q_std": 0.09052663432631841,
  "H_v_p25": 0.20837217678710807,
  "H_v_p50": 0.3591074354752156,
  "H_v_p75": 0.5509836250495738,
  "G_p25": 0.37124999999999814,
  "G_p50": 0.6974999999999965,
  "G_p75": 0.8699999999999957,
  "Var_Q_p25": 0.024085987022284486,
  "Var_Q_p50": 0.06852201236888672,
  "Var_Q_p75": 0.12994299254042851,
  "num_positions": 274,
  "probe_budget": 200,
  "timestamp": 1771648439.7152853,
  "training_iteration": 92,
  "expected_stop_rate": 0.23357664233576642,
  "mahal_model_dict": {
    "ready": true,
    "k": 1.0,
    "mean_vec": [
      0.3877102850367569,
      0.6083029197080264,
      0.0919223963666574
    ],
    "cov_inv": [
      [
        98.08353537542253,
        61.847987690898655,
        30.24075581506142
      ],
      [
        61.84798769089867,
        50.12329740162119,
        14.651350386653176
      ],
      [
        30.240755815061423,
        14.651350386653181,
        132.64229842153645
      ]
    ]
  }
}