{
  "H_v_thresh": 0.15,
  "G_thresh": 0.85,
  "Var_Q_thresh": 0.01,
  "H_v_mean": 0.39473082885921734,
  "H_v_std": 0.22645406489163974,
  "G_mean": 0.6014522058823499,
  "G_std": 0.31920081372143644,
  "Var_Q_mean": 0.0658306077941699,
  "Var_Q_std": 0.0763071441211546,
  "H_v_p25": 0.2181950228740862,
  "H_v_p50": 0.3566264897388144,
  "H_v_p75": 0.5236116499624786,
  "G_p25": 0.2774999999999986,
  "G_p50": 0.7249999999999964,
  "G_p75": 0.8799999999999957,
  "Var_Q_p25": 0.010306869856060052,
  "Var_Q_p50": 0.03672637001208995,
  "Var_Q_p75": 0.09929169782045223,
  "num_positions": 272,
  "probe_budget": 200,
  "timestamp": 1771639425.8278987,
  "training_iteration": 62,
  "expected_stop_rate": 0.22794117647058823,
  "mahal_model_dict": {
    "ready": true,
    "k": 1.0,
    "mean_vec": [
      0.3947308288592171,
      0.6014522058823495,
      0.06583060779416992
    ],
    "cov_inv": [
      [
        86.78549021226172,
        53.95059786543867,
        13.348444501682046
      ],
      [
        53.95059786543866,
        43.35468490500759,
        5.7556367684993415
      ],
      [
        13.348444501682048,
        5.755636768499342,
        173.79025409045104
      ]
    ]
  }
}