{
  "H_v_thresh": 0.15,
  "G_thresh": 0.85,
  "Var_Q_thresh": 0.01,
  "H_v_mean": 0.38545524964810746,
  "H_v_std": 0.20424311981266005,
  "G_mean": 0.5936080586080558,
  "G_std": 0.3052763778852941,
  "Var_Q_mean": 0.07734755479432065,
  "Var_Q_std": 0.10294669423601202,
  "H_v_p25": 0.20911579547529235,
  "H_v_p50": 0.3745210409306777,
  "H_v_p75": 0.5289603645602342,
  "G_p25": 0.3399999999999983,
  "G_p50": 0.6549999999999967,
  "G_p75": 0.8799999999999957,
  "Var_Q_p25": 0.0063574956112696125,
  "Var_Q_p50": 0.036243363846233057,
  "Var_Q_p75": 0.10948662616235875,
  "num_positions": 273,
  "probe_budget": 200,
  "timestamp": 1771640466.5478058,
  "training_iteration": 67,
  "expected_stop_rate": 0.22344322344322345,
  "mahal_model_dict": {
    "ready": true,
    "k": 1.0,
    "mean_vec": [
      0.38545524964810746,
      0.5936080586080558,
      0.07734755479432065
    ],
    "cov_inv": [
      [
        122.29046374892638,
        73.24820299860797,
        12.023612810381392
      ],
      [
        73.24820299860798,
        54.565109400141964,
        6.9310722648094965
      ],
      [
        12.023612810381389,
        6.931072264809493,
        95.19177990585887
      ]
    ]
  }
}