{
  "H_v_thresh": 0.15,
  "G_thresh": 0.85,
  "Var_Q_thresh": 0.01,
  "H_v_mean": 0.3572500089385532,
  "H_v_std": 0.21547238015386655,
  "G_mean": 0.6495756457564543,
  "G_std": 0.30207997401082853,
  "Var_Q_mean": 0.09064822741523028,
  "Var_Q_std": 0.12182745338052016,
  "H_v_p25": 0.19501045651613885,
  "H_v_p50": 0.3062585216930598,
  "H_v_p75": 0.5009985738969581,
  "G_p25": 0.4324999999999979,
  "G_p50": 0.7699999999999961,
  "G_p75": 0.8974999999999955,
  "Var_Q_p25": 0.017350437725835693,
  "Var_Q_p50": 0.05346313468387123,
  "Var_Q_p75": 0.12455151265105024,
  "num_positions": 271,
  "probe_budget": 200,
  "timestamp": 1771636483.2939384,
  "training_iteration": 52,
  "expected_stop_rate": 0.18450184501845018,
  "mahal_model_dict": {
    "ready": true,
    "k": 1.0,
    "mean_vec": [
      0.35725000893855313,
      0.6495756457564539,
      0.09064822741523026
    ],
    "cov_inv": [
      [
        115.07870017586409,
        71.34313511293422,
        23.030342931236543
      ],
      [
        71.34313511293422,
        55.75996269694294,
        7.687431281437184
      ],
      [
        23.030342931236536,
        7.687431281437179,
        75.49912974550989
      ]
    ]
  }
}