{
  "H_v_thresh": 0.15,
  "G_thresh": 0.85,
  "Var_Q_thresh": 0.01,
  "H_v_mean": 0.3623341897228986,
  "H_v_std": 0.22646786094182644,
  "G_mean": 0.6426190476190444,
  "G_std": 0.3005638923924181,
  "Var_Q_mean": 0.07682215872981438,
  "Var_Q_std": 0.08607267506830349,
  "H_v_p25": 0.17232115779706234,
  "H_v_p50": 0.30658950695545567,
  "H_v_p75": 0.5065350135954376,
  "G_p25": 0.4249999999999979,
  "G_p50": 0.7399999999999963,
  "G_p75": 0.9149999999999955,
  "Var_Q_p25": 0.014982501385839123,
  "Var_Q_p50": 0.04337057143835249,
  "Var_Q_p75": 0.10744734712306943,
  "num_positions": 273,
  "probe_budget": 200,
  "timestamp": 1771631666.6173658,
  "training_iteration": 37,
  "expected_stop_rate": 0.23809523809523808,
  "mahal_model_dict": {
    "ready": true,
    "k": 1.0,
    "mean_vec": [
      0.36233418972289905,
      0.6426190476190442,
      0.07682215872981432
    ],
    "cov_inv": [
      [
        95.26371880111255,
        61.227815844998545,
        35.10527930147951
      ],
      [
        61.227815844998545,
        50.86216280563654,
        14.346269982496914
      ],
      [
        35.10527930147951,
        14.34626998249692,
        153.26955989478654
      ]
    ]
  }
}