{
  "H_v_thresh": 0.15,
  "G_thresh": 0.85,
  "Var_Q_thresh": 0.01,
  "H_v_mean": 0.3743390526701379,
  "H_v_std": 0.21624765897681292,
  "G_mean": 0.6356902985074595,
  "G_std": 0.30182960310225576,
  "Var_Q_mean": 0.07306127537573512,
  "Var_Q_std": 0.07786328266019409,
  "H_v_p25": 0.21022783198581996,
  "H_v_p50": 0.33079587351740575,
  "H_v_p75": 0.5033100058890507,
  "G_p25": 0.39374999999999805,
  "G_p50": 0.7549999999999962,
  "G_p75": 0.8862499999999955,
  "Var_Q_p25": 0.016737173292494373,
  "Var_Q_p50": 0.05001404544221382,
  "Var_Q_p75": 0.10283734365792128,
  "num_positions": 268,
  "probe_budget": 200,
  "timestamp": 1771624846.045261,
  "training_iteration": 12,
  "expected_stop_rate": 0.2126865671641791,
  "mahal_model_dict": {
    "ready": true,
    "k": 1.0,
    "mean_vec": [
      0.374339052670138,
      0.6356902985074594,
      0.0730612753757352
    ],
    "cov_inv": [
      [
        104.48035142711466,
        64.63713319160227,
        30.16719487891255
      ],
      [
        64.63713319160226,
        51.48506057017563,
        8.816107226717268
      ],
      [
        30.167194878912557,
        8.816107226717273,
        181.44477864192615
      ]
    ]
  }
}