{
  "H_v_thresh": 0.15,
  "G_thresh": 0.85,
  "Var_Q_thresh": 0.01,
  "H_v_mean": 0.35130738682375334,
  "H_v_std": 0.22543087326233588,
  "G_mean": 0.6490636704119818,
  "G_std": 0.30530555651259195,
  "Var_Q_mean": 0.1279228768950957,
  "Var_Q_std": 0.11340901641714374,
  "H_v_p25": 0.15334042557472694,
  "H_v_p50": 0.29731921606962874,
  "H_v_p75": 0.5051611740943327,
  "G_p25": 0.43749999999999784,
  "G_p50": 0.7599999999999962,
  "G_p75": 0.9249999999999954,
  "Var_Q_p25": 0.04043117493932813,
  "Var_Q_p50": 0.09768340292967101,
  "Var_Q_p75": 0.20170348305660518,
  "num_positions": 267,
  "probe_budget": 200,
  "timestamp": 1771588654.6062758,
  "training_iteration": 135,
  "expected_stop_rate": 0.22846441947565543,
  "mahal_model_dict": {
    "ready": true,
    "k": 1.0,
    "mean_vec": [
      0.3513073868237533,
      0.6490636704119819,
      0.1279228768950958
    ],
    "cov_inv": [
      [
        129.70854298276774,
        88.34558718549783,
        13.639534750049066
      ],
      [
        88.34558718549782,
        70.88705688430191,
        10.714430718446195
      ],
      [
        13.639534750049066,
        10.714430718446197,
        79.07723730909449
      ]
    ]
  }
}