{
  "H_v_thresh": 0.15,
  "G_thresh": 0.85,
  "Var_Q_thresh": 0.01,
  "H_v_mean": 0.40104318133925493,
  "H_v_std": 0.2321035734115719,
  "G_mean": 0.5877323420074321,
  "G_std": 0.3173561596639809,
  "Var_Q_mean": 0.10152599262112402,
  "Var_Q_std": 0.12758921937609358,
  "H_v_p25": 0.18393396462845296,
  "H_v_p50": 0.38650281295926503,
  "H_v_p75": 0.576997552352888,
  "G_p25": 0.2999999999999985,
  "G_p50": 0.6449999999999968,
  "G_p75": 0.8949999999999956,
  "Var_Q_p25": 0.0016001838220230863,
  "Var_Q_p50": 0.03842902423646166,
  "Var_Q_p75": 0.1824322443008746,
  "num_positions": 269,
  "probe_budget": 200,
  "timestamp": 1771618166.842304,
  "training_iteration": 195,
  "expected_stop_rate": 0.26765799256505574,
  "mahal_model_dict": {
    "ready": true,
    "k": 1.0,
    "mean_vec": [
      0.401043181339255,
      0.5877323420074322,
      0.10152599262112398
    ],
    "cov_inv": [
      [
        112.15408406382724,
        74.95405057466871,
        0.2347033590543537
      ],
      [
        74.95405057466871,
        60.010996934843526,
        -1.1113661285383978
      ],
      [
        0.23470335905435297,
        -1.1113661285383982,
        61.35935192774059
      ]
    ]
  }
}