{
  "H_v_thresh": 0.15,
  "G_thresh": 0.85,
  "Var_Q_thresh": 0.01,
  "H_v_mean": 0.401732315530373,
  "H_v_std": 0.23207266153104125,
  "G_mean": 0.5851660516605137,
  "G_std": 0.31756376311625545,
  "Var_Q_mean": 0.10886580048274463,
  "Var_Q_std": 0.13934894108093884,
  "H_v_p25": 0.19623793687180308,
  "H_v_p50": 0.3859667096869484,
  "H_v_p75": 0.5608793157085193,
  "G_p25": 0.30749999999999844,
  "G_p50": 0.6449999999999968,
  "G_p75": 0.8849999999999956,
  "Var_Q_p25": 0.002506854703346369,
  "Var_Q_p50": 0.050851217910044745,
  "Var_Q_p75": 0.17490714591517625,
  "num_positions": 271,
  "probe_budget": 200,
  "timestamp": 1771587834.9473205,
  "training_iteration": 130,
  "expected_stop_rate": 0.25092250922509224,
  "mahal_model_dict": {
    "ready": true,
    "k": 1.0,
    "mean_vec": [
      0.40173231553037286,
      0.5851660516605137,
      0.10886580048274466
    ],
    "cov_inv": [
      [
        96.14718998793283,
        62.31918630840394,
        10.884100661222941
      ],
      [
        62.31918630840395,
        50.45708394515236,
        3.9480767550173668
      ],
      [
        10.884100661222941,
        3.9480767550173654,
        53.49668060544165
      ]
    ]
  }
}