{
  "H_v_thresh": 0.15,
  "G_thresh": 0.85,
  "Var_Q_thresh": 0.01,
  "H_v_mean": 0.3534336939218904,
  "H_v_std": 0.21393318182527007,
  "G_mean": 0.6308333333333301,
  "G_std": 0.3155321049580506,
  "Var_Q_mean": 0.13402952621421352,
  "Var_Q_std": 0.14667066532170125,
  "H_v_p25": 0.15837842990105777,
  "H_v_p50": 0.3052100218946789,
  "H_v_p75": 0.5170141714598075,
  "G_p25": 0.38499999999999807,
  "G_p50": 0.7149999999999964,
  "G_p75": 0.9249999999999954,
  "Var_Q_p25": 0.02424604108618765,
  "Var_Q_p50": 0.08385955400845133,
  "Var_Q_p75": 0.21774601609387068,
  "num_positions": 270,
  "probe_budget": 200,
  "timestamp": 1771615595.144767,
  "training_iteration": 185,
  "expected_stop_rate": 0.24444444444444444,
  "mahal_model_dict": {
    "ready": true,
    "k": 1.0,
    "mean_vec": [
      0.3534336939218903,
      0.6308333333333299,
      0.13402952621421357
    ],
    "cov_inv": [
      [
        124.92821252068345,
        76.98034350161525,
        1.1181418583265756
      ],
      [
        76.98034350161525,
        57.44704412126742,
        1.1785995748399631
      ],
      [
        1.1181418583265763,
        1.1785995748399636,
        46.34470701652122
      ]
    ]
  }
}