{
  "H_v_thresh": 0.15,
  "G_thresh": 0.85,
  "Var_Q_thresh": 0.01,
  "H_v_mean": 0.31956844405329216,
  "H_v_std": 0.20178144351151606,
  "G_mean": 0.6726029962546782,
  "G_std": 0.3022538055794769,
  "Var_Q_mean": 0.1229864506764123,
  "Var_Q_std": 0.13894777166613365,
  "H_v_p25": 0.13878446392904062,
  "H_v_p50": 0.28081813845066234,
  "H_v_p75": 0.4685978412323094,
  "G_p25": 0.45249999999999774,
  "G_p50": 0.7799999999999961,
  "G_p75": 0.9399999999999953,
  "Var_Q_p25": 0.013245574090773949,
  "Var_Q_p50": 0.06115309294052699,
  "Var_Q_p75": 0.2006642620916844,
  "num_positions": 267,
  "probe_budget": 200,
  "timestamp": 1771581561.3773894,
  "training_iteration": 110,
  "expected_stop_rate": 0.26217228464419473,
  "mahal_model_dict": {
    "ready": true,
    "k": 1.0,
    "mean_vec": [
      0.31956844405329204,
      0.6726029962546786,
      0.12298645067641233
    ],
    "cov_inv": [
      [
        117.4541964012551,
        69.77904671524018,
        8.160616999639018
      ],
      [
        69.7790467152402,
        52.37006529408532,
        5.556542779963086
      ],
      [
        8.16061699963902,
        5.556542779963086,
        52.212381328415276
      ]
    ]
  }
}