{
  "H_v_thresh": 0.15,
  "G_thresh": 0.85,
  "Var_Q_thresh": 0.01,
  "H_v_mean": 0.336478716147647,
  "H_v_std": 0.21282223062995329,
  "G_mean": 0.6688888888888856,
  "G_std": 0.29029880306630196,
  "Var_Q_mean": 0.12496945509598736,
  "Var_Q_std": 0.1268888617950649,
  "H_v_p25": 0.14870652385903863,
  "H_v_p50": 0.29308395421073075,
  "H_v_p75": 0.47528881228773406,
  "G_p25": 0.4599999999999977,
  "G_p50": 0.7574999999999963,
  "G_p75": 0.9299999999999954,
  "Var_Q_p25": 0.029814290737065194,
  "Var_Q_p50": 0.08716870259304112,
  "Var_Q_p75": 0.17972726412080706,
  "num_positions": 270,
  "probe_budget": 200,
  "timestamp": 1771586454.6318855,
  "training_iteration": 125,
  "expected_stop_rate": 0.24074074074074073,
  "mahal_model_dict": {
    "ready": true,
    "k": 1.0,
    "mean_vec": [
      0.3364787161476473,
      0.6688888888888856,
      0.12496945509598734
    ],
    "cov_inv": [
      [
        121.7576737217521,
        80.60149159990915,
        4.930496111335783
      ],
      [
        80.60149159990915,
        65.25160189952815,
        1.1358201558327794
      ],
      [
        4.930496111335785,
        1.13582015583278,
        62.45530849677276
      ]
    ]
  }
}