{
  "H_v_thresh": 0.15,
  "G_thresh": 0.85,
  "Var_Q_thresh": 0.01,
  "H_v_mean": 0.3818422455993231,
  "H_v_std": 0.24158555510069743,
  "G_mean": 0.6132037037037007,
  "G_std": 0.32062296881918756,
  "Var_Q_mean": 0.10690384547159945,
  "Var_Q_std": 0.12768827146791012,
  "H_v_p25": 0.15434751153312223,
  "H_v_p50": 0.3460816117500078,
  "H_v_p75": 0.5307831350792415,
  "G_p25": 0.3512499999999983,
  "G_p50": 0.6999999999999965,
  "G_p75": 0.9249999999999954,
  "Var_Q_p25": 0.010476884460810557,
  "Var_Q_p50": 0.05915935868580557,
  "Var_Q_p75": 0.16627245789333922,
  "num_positions": 270,
  "probe_budget": 200,
  "timestamp": 1771592539.61652,
  "training_iteration": 150,
  "expected_stop_rate": 0.24814814814814815,
  "mahal_model_dict": {
    "ready": true,
    "k": 1.0,
    "mean_vec": [
      0.3818422455993232,
      0.6132037037037007,
      0.10690384547159945
    ],
    "cov_inv": [
      [
        107.34728158262304,
        73.60067314357099,
        10.211934257588762
      ],
      [
        73.60067314357099,
        60.2828937419306,
        4.1825044021362245
      ],
      [
        10.211934257588755,
        4.182504402136219,
        62.88341272108233
      ]
    ]
  }
}