{
  "H_v_thresh": 0.15,
  "G_thresh": 0.85,
  "Var_Q_thresh": 0.01,
  "H_v_mean": 0.33207775046818366,
  "H_v_std": 0.1991498804776136,
  "G_mean": 0.664776951672859,
  "G_std": 0.296604931795525,
  "Var_Q_mean": 0.1332998988384696,
  "Var_Q_std": 0.1395293617094476,
  "H_v_p25": 0.17391281855298013,
  "H_v_p50": 0.28856536031617674,
  "H_v_p75": 0.45674880719056393,
  "G_p25": 0.46999999999999764,
  "G_p50": 0.7699999999999961,
  "G_p75": 0.9149999999999955,
  "Var_Q_p25": 0.03049414676360246,
  "Var_Q_p50": 0.09855300576011813,
  "Var_Q_p75": 0.18443021640399243,
  "num_positions": 269,
  "probe_budget": 200,
  "timestamp": 1771585672.4773839,
  "training_iteration": 120,
  "expected_stop_rate": 0.24907063197026022,
  "mahal_model_dict": {
    "ready": true,
    "k": 1.0,
    "mean_vec": [
      0.3320777504681835,
      0.6647769516728588,
      0.13329989883846974
    ],
    "cov_inv": [
      [
        152.31424806768467,
        93.23353358291631,
        7.577344436089717
      ],
      [
        93.23353358291631,
        68.41548255259357,
        3.58889192588355
      ],
      [
        7.5773444360897155,
        3.5888919258835497,
        51.64560868193731
      ]
    ]
  }
}