{
  "H_v_thresh": 0.15,
  "G_thresh": 0.85,
  "Var_Q_thresh": 0.01,
  "H_v_mean": 0.3283658950621439,
  "H_v_std": 0.20130540598603078,
  "G_mean": 0.6687407407407374,
  "G_std": 0.29685026685651433,
  "Var_Q_mean": 0.13887684285487734,
  "Var_Q_std": 0.13459353738676608,
  "H_v_p25": 0.14661572961694513,
  "H_v_p50": 0.2955519108930438,
  "H_v_p75": 0.45744916555236564,
  "G_p25": 0.4274999999999979,
  "G_p50": 0.7749999999999961,
  "G_p75": 0.9349999999999954,
  "Var_Q_p25": 0.023648724710456037,
  "Var_Q_p50": 0.0946500068322125,
  "Var_Q_p75": 0.22302730354384068,
  "num_positions": 270,
  "probe_budget": 200,
  "timestamp": 1771619787.734481,
  "training_iteration": 200,
  "expected_stop_rate": 0.24814814814814815,
  "mahal_model_dict": {
    "ready": true,
    "k": 1.0,
    "mean_vec": [
      0.3283658950621437,
      0.6687407407407379,
      0.13887684285487734
    ],
    "cov_inv": [
      [
        119.98847788001007,
        72.44593032599664,
        -2.3130580938752505
      ],
      [
        72.44593032599663,
        55.156075244590404,
        1.0647849988235252
      ],
      [
        -2.3130580938752527,
        1.0647849988235236,
        55.56942611070527
      ]
    ]
  }
}