{
  "H_v_thresh": 0.15,
  "G_thresh": 0.85,
  "Var_Q_thresh": 0.01,
  "H_v_mean": 0.34020927504773424,
  "H_v_std": 0.21128025842922077,
  "G_mean": 0.6581902985074594,
  "G_std": 0.29588532277596735,
  "Var_Q_mean": 0.13357365650369368,
  "Var_Q_std": 0.13379018353006972,
  "H_v_p25": 0.14902152992502496,
  "H_v_p50": 0.30057437533213915,
  "H_v_p75": 0.4762476870841215,
  "G_p25": 0.4149999999999979,
  "G_p50": 0.7399999999999963,
  "G_p75": 0.9299999999999954,
  "Var_Q_p25": 0.03698063914895488,
  "Var_Q_p50": 0.08307406790380635,
  "Var_Q_p75": 0.21928100108255938,
  "num_positions": 268,
  "probe_budget": 200,
  "timestamp": 1771584170.2319806,
  "training_iteration": 115,
  "expected_stop_rate": 0.23507462686567165,
  "mahal_model_dict": {
    "ready": true,
    "k": 1.0,
    "mean_vec": [
      0.3402092750477343,
      0.6581902985074597,
      0.1335736565036936
    ],
    "cov_inv": [
      [
        110.15186504063561,
        69.60141324058085,
        8.306157537764628
      ],
      [
        69.60141324058084,
        55.59599032948881,
        1.5745019843724861
      ],
      [
        8.306157537764626,
        1.5745019843724852,
        57.443150388874145
      ]
    ]
  }
}