{
  "H_v_thresh": 0.15,
  "G_thresh": 0.85,
  "Var_Q_thresh": 0.01,
  "H_v_mean": 0.3685466325031855,
  "H_v_std": 0.2346355859073467,
  "G_mean": 0.626194029850743,
  "G_std": 0.3150628811345982,
  "Var_Q_mean": 0.1096287308066356,
  "Var_Q_std": 0.12589129286778605,
  "H_v_p25": 0.14131286360612538,
  "H_v_p50": 0.335278253578358,
  "H_v_p75": 0.5334857427386936,
  "G_p25": 0.36499999999999816,
  "G_p50": 0.6974999999999965,
  "G_p75": 0.9349999999999954,
  "Var_Q_p25": 0.00568347951312919,
  "Var_Q_p50": 0.0566540616910136,
  "Var_Q_p75": 0.18544112830821852,
  "num_positions": 268,
  "probe_budget": 200,
  "timestamp": 1771607980.538522,
  "training_iteration": 155,
  "expected_stop_rate": 0.23880597014925373,
  "mahal_model_dict": {
    "ready": true,
    "k": 1.0,
    "mean_vec": [
      0.3685466325031855,
      0.626194029850743,
      0.10962873080663559
    ],
    "cov_inv": [
      [
        85.5163579266099,
        55.76235061060597,
        10.979172112686019
      ],
      [
        55.76235061060597,
        46.600880046724846,
        3.5444858604329816
      ],
      [
        10.979172112686024,
        3.5444858604329856,
        65.54312057389393
      ]
    ]
  }
}