{
  "H_v_thresh": 0.15,
  "G_thresh": 0.85,
  "Var_Q_thresh": 0.01,
  "H_v_mean": 0.336809714292406,
  "H_v_std": 0.21774152787904227,
  "G_mean": 0.6674074074074041,
  "G_std": 0.3032062321331616,
  "Var_Q_mean": 0.1301663825208105,
  "Var_Q_std": 0.14039918490184727,
  "H_v_p25": 0.14092982680830776,
  "H_v_p50": 0.30070757927113034,
  "H_v_p75": 0.47901494063407574,
  "G_p25": 0.4562499999999977,
  "G_p50": 0.7724999999999962,
  "G_p75": 0.9349999999999954,
  "Var_Q_p25": 0.01824146625332074,
  "Var_Q_p50": 0.07546362405821493,
  "Var_Q_p75": 0.20316765255155267,
  "num_positions": 270,
  "probe_budget": 200,
  "timestamp": 1771612005.2003093,
  "training_iteration": 170,
  "expected_stop_rate": 0.25555555555555554,
  "mahal_model_dict": {
    "ready": true,
    "k": 1.0,
    "mean_vec": [
      0.33680971429240614,
      0.6674074074074043,
      0.13016638252081061
    ],
    "cov_inv": [
      [
        114.81789049148269,
        74.56062510539134,
        4.602247083134966
      ],
      [
        74.56062510539132,
        59.264636384949824,
        3.67730137944163
      ],
      [
        4.602247083134966,
        3.6773013794416296,
        50.76845084199226
      ]
    ]
  }
}