{
  "H_v_thresh": 0.15,
  "G_thresh": 0.85,
  "Var_Q_thresh": 0.01,
  "H_v_mean": 0.3685393030396214,
  "H_v_std": 0.21823264161096928,
  "G_mean": 0.6170555555555525,
  "G_std": 0.3063720454723516,
  "Var_Q_mean": 0.12315325701389489,
  "Var_Q_std": 0.14228195463615836,
  "H_v_p25": 0.1836674903234714,
  "H_v_p50": 0.3385743061962926,
  "H_v_p75": 0.5064023270907789,
  "G_p25": 0.35624999999999823,
  "G_p50": 0.7124999999999965,
  "G_p75": 0.8987499999999955,
  "Var_Q_p25": 0.009550794663070288,
  "Var_Q_p50": 0.06328681434207037,
  "Var_Q_p75": 0.19618744807965402,
  "num_positions": 270,
  "probe_budget": 200,
  "timestamp": 1771612965.1809833,
  "training_iteration": 175,
  "expected_stop_rate": 0.22962962962962963,
  "mahal_model_dict": {
    "ready": true,
    "k": 1.0,
    "mean_vec": [
      0.3685393030396215,
      0.6170555555555527,
      0.12315325701389489
    ],
    "cov_inv": [
      [
        101.59259836406159,
        63.61342850819881,
        13.541147840174448
      ],
      [
        63.61342850819881,
        50.53388018822197,
        6.396451603005206
      ],
      [
        13.54114784017445,
        6.396451603005207,
        51.421733813147846
      ]
    ]
  }
}