{
  "H_v_thresh": 0.15,
  "G_thresh": 0.85,
  "Var_Q_thresh": 0.01,
  "H_v_mean": 0.38290002162442804,
  "H_v_std": 0.22755809708666977,
  "G_mean": 0.59957720588235,
  "G_std": 0.31716533067223346,
  "Var_Q_mean": 0.12053976436892688,
  "Var_Q_std": 0.14341849615011226,
  "H_v_p25": 0.17785177629227594,
  "H_v_p50": 0.3503990217398304,
  "H_v_p75": 0.5428859236303777,
  "G_p25": 0.34749999999999825,
  "G_p50": 0.6549999999999967,
  "G_p75": 0.9099999999999955,
  "Var_Q_p25": 0.00946702192151083,
  "Var_Q_p50": 0.059091947617101695,
  "Var_Q_p75": 0.17777664903507961,
  "num_positions": 272,
  "probe_budget": 200,
  "timestamp": 1771590131.4749546,
  "training_iteration": 140,
  "expected_stop_rate": 0.27941176470588236,
  "mahal_model_dict": {
    "ready": true,
    "k": 1.0,
    "mean_vec": [
      0.3829000216244281,
      0.5995772058823502,
      0.12053976436892692
    ],
    "cov_inv": [
      [
        102.1577366756037,
        65.81030965305283,
        6.487432324784993
      ],
      [
        65.81030965305281,
        52.32858170768228,
        2.990882654461748
      ],
      [
        6.487432324784994,
        2.9908826544617475,
        48.99022435731672
      ]
    ]
  }
}