{
  "H_v_thresh": 0.15,
  "G_thresh": 0.85,
  "Var_Q_thresh": 0.01,
  "H_v_mean": 0.3394605881012838,
  "H_v_std": 0.22320901846480654,
  "G_mean": 0.6660701107011038,
  "G_std": 0.3054510286082641,
  "Var_Q_mean": 0.12424232173250552,
  "Var_Q_std": 0.13570056225248975,
  "H_v_p25": 0.13878446392904062,
  "H_v_p50": 0.27537708545715917,
  "H_v_p75": 0.4927277972658991,
  "G_p25": 0.4474999999999978,
  "G_p50": 0.7599999999999962,
  "G_p75": 0.9399999999999953,
  "Var_Q_p25": 0.01115463993759283,
  "Var_Q_p50": 0.07022750560792966,
  "Var_Q_p75": 0.20955148815971192,
  "num_positions": 271,
  "probe_budget": 200,
  "timestamp": 1771617267.1370988,
  "training_iteration": 190,
  "expected_stop_rate": 0.2656826568265683,
  "mahal_model_dict": {
    "ready": true,
    "k": 1.0,
    "mean_vec": [
      0.3394605881012835,
      0.6660701107011031,
      0.12424232173250555
    ],
    "cov_inv": [
      [
        90.56143967272293,
        58.28360568836246,
        6.870173558424942
      ],
      [
        58.283605688362464,
        48.1918846552526,
        4.001329764032983
      ],
      [
        6.8701735584249395,
        4.001329764032981,
        54.639011542427845
      ]
    ]
  }
}