{
  "H_v_thresh": 0.15,
  "G_thresh": 0.85,
  "Var_Q_thresh": 0.01,
  "H_v_mean": 0.4046216090434199,
  "H_v_std": 0.23038074284677854,
  "G_mean": 0.5814022140221374,
  "G_std": 0.30569301316464564,
  "Var_Q_mean": 0.10249776634626645,
  "Var_Q_std": 0.13101008343659867,
  "H_v_p25": 0.18711223675578686,
  "H_v_p50": 0.3898191811183723,
  "H_v_p75": 0.5490778480159777,
  "G_p25": 0.33749999999999836,
  "G_p50": 0.5949999999999971,
  "G_p75": 0.8899999999999956,
  "Var_Q_p25": 0.00030832789150233154,
  "Var_Q_p50": 0.03574886145177864,
  "Var_Q_p75": 0.1827879947005141,
  "num_positions": 271,
  "probe_budget": 200,
  "timestamp": 1771590998.564207,
  "training_iteration": 145,
  "expected_stop_rate": 0.22878228782287824,
  "mahal_model_dict": {
    "ready": true,
    "k": 1.0,
    "mean_vec": [
      0.40462160904342004,
      0.5814022140221372,
      0.10249776634626641
    ],
    "cov_inv": [
      [
        100.5677320810398,
        67.53200912889879,
        12.347782200765117
      ],
      [
        67.53200912889878,
        56.15760138226931,
        5.342181025209447
      ],
      [
        12.347782200765115,
        5.342181025209446,
        60.36519308499255
      ]
    ]
  }
}