{
  "H_v_thresh": 0.15,
  "G_thresh": 0.85,
  "Var_Q_thresh": 0.01,
  "H_v_mean": 0.3356004244067922,
  "H_v_std": 0.21197155065810575,
  "G_mean": 0.640753676470585,
  "G_std": 0.312849043283724,
  "Var_Q_mean": 0.14659848980733642,
  "Var_Q_std": 0.13093917072481395,
  "H_v_p25": 0.1539421424106262,
  "H_v_p50": 0.28698689309506975,
  "H_v_p75": 0.4818065140256085,
  "G_p25": 0.37124999999999814,
  "G_p50": 0.7599999999999962,
  "G_p75": 0.9299999999999954,
  "Var_Q_p25": 0.04807802026914065,
  "Var_Q_p50": 0.11335839991078205,
  "Var_Q_p75": 0.20971951024992197,
  "num_positions": 272,
  "probe_budget": 200,
  "timestamp": 1771609588.3890471,
  "training_iteration": 160,
  "expected_stop_rate": 0.23529411764705882,
  "mahal_model_dict": {
    "ready": true,
    "k": 1.0,
    "mean_vec": [
      0.3356004244067922,
      0.6407536764705852,
      0.14659848980733634
    ],
    "cov_inv": [
      [
        134.78154929646087,
        83.10415846157697,
        12.135685382428477
      ],
      [
        83.10415846157699,
        61.43834460932047,
        6.45489291849551
      ],
      [
        12.135685382428477,
        6.454892918495509,
        59.30428511490383
      ]
    ]
  }
}