{
  "H_v_thresh": 0.15,
  "G_thresh": 0.85,
  "Var_Q_thresh": 0.01,
  "H_v_mean": 0.37777709454679337,
  "H_v_std": 0.23264264766182363,
  "G_mean": 0.6083828996282498,
  "G_std": 0.3134738895190133,
  "Var_Q_mean": 0.10854085027854775,
  "Var_Q_std": 0.1189003277241587,
  "H_v_p25": 0.1620720595713983,
  "H_v_p50": 0.33996125133724137,
  "H_v_p75": 0.5443555995928417,
  "G_p25": 0.3399999999999983,
  "G_p50": 0.6899999999999966,
  "G_p75": 0.9199999999999954,
  "Var_Q_p25": 0.008983939997166259,
  "Var_Q_p50": 0.058377845970455144,
  "Var_Q_p75": 0.1852288317356333,
  "num_positions": 269,
  "probe_budget": 200,
  "timestamp": 1771610479.793807,
  "training_iteration": 165,
  "expected_stop_rate": 0.2527881040892193,
  "mahal_model_dict": {
    "ready": true,
    "k": 1.0,
    "mean_vec": [
      0.3777770945467934,
      0.6083828996282501,
      0.10854085027854768
    ],
    "cov_inv": [
      [
        87.72794541182341,
        57.69285244918873,
        5.316898790429454
      ],
      [
        57.69285244918873,
        48.13341995309531,
        1.538544168374388
      ],
      [
        5.316898790429452,
        1.5385441683743861,
        71.16538397918211
      ]
    ]
  }
}