{
  "H_v_thresh": 0.15,
  "G_thresh": 0.85,
  "Var_Q_thresh": 0.01,
  "H_v_mean": 0.3270463261724951,
  "H_v_std": 0.21762267012000816,
  "G_mean": 0.6742830882352908,
  "G_std": 0.29911779109455433,
  "Var_Q_mean": 0.1361512763373836,
  "Var_Q_std": 0.16360017230146925,
  "H_v_p25": 0.1409051502602791,
  "H_v_p50": 0.272818187099945,
  "H_v_p75": 0.45906191009002306,
  "G_p25": 0.4824999999999976,
  "G_p50": 0.7674999999999962,
  "G_p75": 0.9362499999999954,
  "Var_Q_p25": 0.018389874216199774,
  "Var_Q_p50": 0.06386600585201105,
  "Var_Q_p75": 0.21446623454951563,
  "num_positions": 272,
  "probe_budget": 200,
  "timestamp": 1771614594.2443745,
  "training_iteration": 180,
  "expected_stop_rate": 0.22426470588235295,
  "mahal_model_dict": {
    "ready": true,
    "k": 1.0,
    "mean_vec": [
      0.327046326172495,
      0.6742830882352908,
      0.13615127633738358
    ],
    "cov_inv": [
      [
        132.9501347248418,
        88.5747705773974,
        -3.9850335781912722
      ],
      [
        88.5747705773974,
        70.1955524263778,
        -1.2980055114972644
      ],
      [
        -3.9850335781912727,
        -1.2980055114972648,
        37.50752495567751
      ]
    ]
  }
}