{
  "H_v_thresh": 0.15,
  "G_thresh": 0.85,
  "Var_Q_thresh": 0.01,
  "H_v_mean": 0.3553969954554683,
  "H_v_std": 0.22298963198803176,
  "G_mean": 0.6478076923076891,
  "G_std": 0.3055933722638577,
  "Var_Q_mean": 0.10774100847653575,
  "Var_Q_std": 0.10435375696822849,
  "H_v_p25": 0.1513647012224988,
  "H_v_p50": 0.3127734005233609,
  "H_v_p75": 0.49843514614936324,
  "G_p25": 0.392499999999998,
  "G_p50": 0.7499999999999962,
  "G_p75": 0.9299999999999954,
  "Var_Q_p25": 0.02525826601997374,
  "Var_Q_p50": 0.07767083915831961,
  "Var_Q_p75": 0.160409528711733,
  "num_positions": 260,
  "probe_budget": 200,
  "timestamp": 1771579842.165072,
  "training_iteration": 105,
  "expected_stop_rate": 0.2653846153846154,
  "mahal_model_dict": {
    "ready": true,
    "k": 1.0,
    "mean_vec": [
      0.35539699545546816,
      0.6478076923076892,
      0.10774100847653574
    ],
    "cov_inv": [
      [
        114.59786007943666,
        75.78465056903435,
        7.925987741901996
      ],
      [
        75.78465056903435,
        60.808222357029045,
        3.748333805838727
      ],
      [
        7.925987741901999,
        3.7483338058387297,
        92.22501925006048
      ]
    ]
  }
}