{
  "H_v_thresh": 0.15,
  "G_thresh": 0.85,
  "Var_Q_thresh": 0.01,
  "H_v_mean": 0.539083903182145,
  "H_v_std": 0.2025408360950287,
  "G_mean": 0.41503676470588025,
  "G_std": 0.2793272487310354,
  "Var_Q_mean": 0.0982380671585657,
  "Var_Q_std": 0.11557179477308767,
  "H_v_p25": 0.4117026525254839,
  "H_v_p50": 0.5569859634041269,
  "H_v_p75": 0.7008288555300046,
  "G_p25": 0.15499999999999922,
  "G_p50": 0.38999999999999807,
  "G_p75": 0.614999999999997,
  "Var_Q_p25": 0.003991476567835392,
  "Var_Q_p50": 0.06014727908875339,
  "Var_Q_p75": 0.1584377970670586,
  "num_positions": 272,
  "probe_budget": 200,
  "timestamp": 1771659174.2714784,
  "training_iteration": 150,
  "expected_stop_rate": 0.16544117647058823,
  "mahal_model_dict": {
    "ready": true,
    "k": 1.0,
    "mean_vec": [
      0.5390839031821453,
      0.4150367647058804,
      0.09823806715856571
    ],
    "cov_inv": [
      [
        90.3759880828781,
        55.2293138976184,
        18.75265141836016
      ],
      [
        55.2293138976184,
        46.535912626569335,
        10.380146613271346
      ],
      [
        18.75265141836016,
        10.380146613271348,
        78.56947833325931
      ]
    ]
  }
}