{
  "config": {
    "checkpoint": "checkpoints_v3/iter_0150.pt",
    "games": 150,
    "workers": 5,
    "ablation": false,
    "temperature": 0.0,
    "baseline_budget": 800,
    "min_budget": 80,
    "max_budget": 900,
    "output": "benchmark_iter150_rerun.json",
    "parallel_games": true,
    "baseline_vs_baseline": false,
    "compute_control_budget": 400,
    "seed": 42,
    "seeds": null
  },
  "thresholds": {
    "H_v_thresh": 0.15,
    "G_thresh": 0.85,
    "Var_Q_thresh": 0.01,
    "mahal_model_dict": {
      "ready": true,
      "k": 1.0,
      "mean_vec": [
        0.3818422455993232,
        0.6132037037037007,
        0.10690384547159945
      ],
      "cov_inv": [
        [
          107.34728158262304,
          73.60067314357099,
          10.211934257588762
        ],
        [
          73.60067314357099,
          60.2828937419306,
          4.1825044021362245
        ],
        [
          10.211934257588755,
          4.182504402136219,
          62.88341272108233
        ]
      ]
    }
  },
  "results": [
    {
      "name": "Full Topology vs Baseline",
      "games": 150,
      "wins": 86,
      "draws": 18,
      "losses": 46,
      "win_rate": 0.5733333333333334,
      "draw_rate": 0.12,
      "loss_rate": 0.30666666666666664,
      "avg_sims_topology": 5005.926666666666,
      "avg_sims_baseline": 21850.666666666668,
      "sim_savings_pct": 77.09027947274969,
      "avg_game_length": 60.29333333333334,
      "avg_tactical_rate": 0.1026094648383401,
      "avg_lambda": 0.5608859276885477,
      "avg_H_v": 0.3557144745923263,
      "p_value": 0.08607110318597094,
      "significant": false,
      "avg_kl_divergence": 0.7381869644440159
    }
  ],
  "timestamp": 1771665625.0850294
}