{
  "H_v_thresh": 0.1558252931552135,
  "G_thresh": 0.9333333333333271,
  "Var_Q_thresh": 0.005954589153979322,
  "H_v_mean": 0.3246997082601799,
  "H_v_std": 0.2168238139302216,
  "G_mean": 0.6950549450549405,
  "G_std": 0.3026141143954541,
  "Var_Q_mean": 0.10606770236884648,
  "Var_Q_std": 0.14185702898268793,
  "H_v_p25": 0.1558252931552135,
  "H_v_p50": 0.22492745704516331,
  "H_v_p75": 0.4695990003049634,
  "G_p25": 0.50833333333333,
  "G_p50": 0.8733333333333275,
  "G_p75": 0.9333333333333271,
  "Var_Q_p25": 0.005954589153979322,
  "Var_Q_p50": 0.037774546356032335,
  "Var_Q_p75": 0.17806326376125323,
  "num_positions": 182,
  "probe_budget": 150,
  "timestamp": 1771311665.6466534,
  "training_iteration": 0,
  "expected_stop_rate": 0.04945054945054945
}