{
  "H_v_thresh": 0.29659373738494427,
  "G_thresh": 0.7933333333333281,
  "Var_Q_thresh": 0.0377720795388858,
  "H_v_mean": 0.35389699291225807,
  "H_v_std": 0.20943328591700588,
  "G_mean": 0.6596685082872884,
  "G_std": 0.3030463509925362,
  "Var_Q_mean": 0.07856046629225727,
  "Var_Q_std": 0.09361732999350907,
  "H_v_p25": 0.18237119797468185,
  "H_v_p50": 0.3016358534172527,
  "H_v_p75": 0.5072322569158573,
  "G_p25": 0.4133333333333306,
  "G_p50": 0.7866666666666614,
  "G_p75": 0.9133333333333272,
  "Var_Q_p25": 0.011054555991843025,
  "Var_Q_p50": 0.03941045646137266,
  "Var_Q_p75": 0.11996847049416655,
  "num_positions": 181,
  "probe_budget": 150,
  "timestamp": 1771406857.6225078,
  "training_iteration": 0,
  "expected_stop_rate": 0.24861878453038674
}