{
  "H_v_thresh": 0.6151989091386537,
  "G_thresh": 0.609999999999996,
  "Var_Q_thresh": 0.0003109091551040078,
  "H_v_mean": 0.7528680112246072,
  "H_v_std": 0.20062352249953885,
  "G_mean": 0.41958333333333053,
  "G_std": 0.252127898461354,
  "Var_Q_mean": 0.003935491485425626,
  "Var_Q_std": 0.020034724936160587,
  "H_v_p25": 0.6151989091386537,
  "H_v_p50": 0.772351808842378,
  "H_v_p75": 0.9310825943644333,
  "G_p25": 0.22166666666666518,
  "G_p50": 0.44333333333333036,
  "G_p75": 0.609999999999996,
  "Var_Q_p25": 0.0003109091551040078,
  "Var_Q_p50": 0.0008999062146576724,
  "Var_Q_p75": 0.0021628656071124006,
  "num_positions": 112,
  "probe_budget": 150,
  "timestamp": 1771261304.426846,
  "training_iteration": 0,
  "expected_stop_rate": 0.008928571428571428
}