{
  "H_v_thresh": 0.306983777553353,
  "G_thresh": 0.7708333333333283,
  "Var_Q_thresh": 0.0448990679558902,
  "H_v_mean": 0.35492093749870945,
  "H_v_std": 0.19760361626048453,
  "G_mean": 0.642320441988946,
  "G_std": 0.3021035609325104,
  "Var_Q_mean": 0.08289454190427353,
  "Var_Q_std": 0.08930722715769776,
  "H_v_p25": 0.1822034109314249,
  "H_v_p50": 0.3164313907811855,
  "H_v_p75": 0.5132436788730694,
  "G_p25": 0.3866666666666641,
  "G_p50": 0.7533333333333283,
  "G_p75": 0.9199999999999939,
  "Var_Q_p25": 0.013218389788106466,
  "Var_Q_p50": 0.04998388296012746,
  "Var_Q_p75": 0.14119071683540257,
  "num_positions": 181,
  "probe_budget": 150,
  "timestamp": 1771418414.1254478,
  "training_iteration": 0,
  "expected_stop_rate": 0.24861878453038674
}