{
  "H_v_thresh": 0.5334962057787702,
  "G_thresh": 0.6999999999999931,
  "Var_Q_thresh": 0.00035974977507131044,
  "H_v_mean": 0.7354362594246348,
  "H_v_std": 0.26296184861431315,
  "G_mean": 0.4148936170212724,
  "G_std": 0.31988609901374937,
  "Var_Q_mean": 0.010238267955392419,
  "Var_Q_std": 0.04290830957097252,
  "H_v_p25": 0.5334962057787702,
  "H_v_p50": 0.8266482692412435,
  "H_v_p75": 0.9928931878653597,
  "G_p25": 0.05499999999999945,
  "G_p50": 0.4099999999999959,
  "G_p75": 0.6999999999999931,
  "Var_Q_p25": 0.00035974977507131044,
  "Var_Q_p50": 0.0006497779270866188,
  "Var_Q_p75": 0.002295569549153996,
  "num_positions": 47,
  "probe_budget": 100,
  "timestamp": 1771258723.9992716,
  "training_iteration": 5,
  "expected_stop_rate": 0.0
}