{
  "H_v_thresh": 0.8100247144751337,
  "G_thresh": 0.4099999999999959,
  "Var_Q_thresh": 1.9893374872174096e-07,
  "H_v_mean": 0.8888873564908426,
  "H_v_std": 0.16666105896495775,
  "G_mean": 0.21246153846153634,
  "G_std": 0.24751709043856018,
  "Var_Q_mean": 0.0034850043765734576,
  "Var_Q_std": 0.023669506934381714,
  "H_v_p25": 0.8100247144751337,
  "H_v_p50": 0.985658951239403,
  "H_v_p75": 0.9993642021404798,
  "G_p25": 0.0,
  "G_p50": 0.08999999999999911,
  "G_p75": 0.4099999999999959,
  "Var_Q_p25": 1.9893374872174096e-07,
  "Var_Q_p50": 1.604793758914389e-05,
  "Var_Q_p75": 4.1913263396489986e-05,
  "num_positions": 65,
  "probe_budget": 100,
  "timestamp": 1771261225.1175704,
  "training_iteration": 0,
  "expected_stop_rate": 0.0
}