{
  "H_v_thresh": 0.8509168549812232,
  "G_thresh": 0.3574999999999965,
  "Var_Q_thresh": 8.206784626086538e-08,
  "H_v_mean": 0.8847165783726276,
  "H_v_std": 0.17263474079766833,
  "G_mean": 0.23224137931034255,
  "G_std": 0.23170316253588538,
  "Var_Q_mean": 0.007950573453889427,
  "Var_Q_std": 0.041904524821004534,
  "H_v_p25": 0.8509168549812232,
  "H_v_p50": 0.9512977851417328,
  "H_v_p75": 0.9977480725173004,
  "G_p25": 0.01499999999999985,
  "G_p50": 0.18999999999999811,
  "G_p75": 0.3574999999999965,
  "Var_Q_p25": 8.206784626086538e-08,
  "Var_Q_p50": 1.133100849060131e-05,
  "Var_Q_p75": 5.51809292453217e-05,
  "num_positions": 58,
  "probe_budget": 100,
  "timestamp": 1771261245.669296,
  "training_iteration": 5,
  "expected_stop_rate": 0.0
}