{
  "H_v_thresh": 0.7730603581418052,
  "G_thresh": 0.4599999999999954,
  "Var_Q_thresh": 0.00059187851959761,
  "H_v_mean": 0.8415586453340851,
  "H_v_std": 0.18866015780371279,
  "G_mean": 0.30303571428571124,
  "G_std": 0.25518144555014166,
  "Var_Q_mean": 0.008544585156581566,
  "Var_Q_std": 0.03693112113105871,
  "H_v_p25": 0.7730603581418052,
  "H_v_p50": 0.9232658334939476,
  "H_v_p75": 0.9878846654478186,
  "G_p25": 0.08999999999999911,
  "G_p50": 0.2499999999999975,
  "G_p75": 0.4599999999999954,
  "Var_Q_p25": 0.00059187851959761,
  "Var_Q_p50": 0.0012014852165444293,
  "Var_Q_p75": 0.0021151340578542985,
  "num_positions": 56,
  "probe_budget": 100,
  "timestamp": 1771258698.6702378,
  "training_iteration": 0,
  "expected_stop_rate": 0.05357142857142857
}